Name,Company,Phone,Email,Address,Start Date,Renewal Date
Raj Pichai,International Group,1161947818,rajpichai484@gmail.com,"58 Tilak Road, Koramangala, Jaipur, Uttar Pradesh",31-08-2022,27-07-2023
Vikram Nadar,Limited Limited,9659904285,vikramnadar936@gmail.com,"1 Main Road, Andheri, Pune, Bihar",18-04-2023,13-03-2024
Arjun Sharma,Inc Group,8739255911,arjunsharma710@gmail.com,"41 Sarat Bose Road, Koramangala, Chennai, West Bengal",17-06-2023,12-05-2024
Arjun Pichai,Enterprise Corporation,7451004256,arjunpichai132@gmail.com,"97 MG Road, Koramangala, Pune, Uttar Pradesh",31-01-2023,27-12-2023
Veer Kapoor,Digital Consulting,9303944320,veerkapoor920@gmail.com,"2 Tilak Road, Bandra, Delhi, Tamil Nadu",09-11-2023,04-10-2024
Raj Pichai,Group Corporation,8746933917,rajpichai985@gmail.com,"48 Park Street, Koramangala, Pune, Bihar",03-08-2024,29-06-2025
Aditya Pichai,Digital Consulting,6096830701,adityapichai508@gmail.com,"51 MG Road, Bandra, Chennai, Maharashtra",04-05-2023,29-03-2024
Raj Kapoor,Innovative Industries,5894610309,rajkapoor229@gmail.com,"33 Tilak Road, Indiranagar, Surat, Maharashtra",05-08-2024,01-07-2025
Veer Kapoor,Creative Corporation,2974415071,veerkapoor350@gmail.com,"32 Main Road, HSR Layout, Mumbai, Gujarat",14-06-2022,10-05-2023
Aditya Mishra,Solutions Group,6439350132,adityamishra348@gmail.com,"45 Sarat Bose Road, HSR Layout, Bangalore, Bihar",25-07-2023,19-06-2024
Arjun Pichai,Solutions Limited,6668776499,arjunpichai436@gmail.com,"14 Tilak Road, Andheri, Hyderabad, Telangana",02-02-2022,29-12-2022
Veer Singh,Global Technologies,6495240933,veersingh634@gmail.com,"84 Main Road, Indiranagar, Mumbai, Bihar",04-04-2023,28-02-2024
Raj Verma,Global Solutions,3753498795,rajverma719@gmail.com,"16 Main Road, Indiranagar, Surat, Telangana",21-02-2023,17-01-2024
Vikram Verma,Limited Group,7775748270,vikramverma206@gmail.com,"94 MG Road, Koramangala, Hyderabad, Maharashtra",09-03-2022,02-02-2023
Aditya Pichai,Group Limited,4358624275,adityapichai355@gmail.com,"40 Tilak Road, Koramangala, Pune, Madhya Pradesh",17-12-2023,11-11-2024
Arjun Kapoor,Innovative Corporation,1757507321,arjunkapoor693@gmail.com,"70 Tilak Road, Bandra, Delhi, West Bengal",18-03-2024,11-02-2025
Arjun Nadar,Solutions Solutions,7559260095,arjunnadar186@gmail.com,"92 Tilak Road, Indiranagar, Kolkata, West Bengal",21-10-2024,16-09-2025
Krishna Kapoor,Inc Solutions,1209503794,krishnakapoor738@gmail.com,"25 Park Street, Indiranagar, Delhi, Uttar Pradesh",08-01-2024,03-12-2024
Aditya Verma,Solutions Technologies,4514121145,adityaverma123@gmail.com,"82 Sarat Bose Road, Indiranagar, Ahmedabad, Tamil Nadu",17-09-2022,13-08-2023
Raj Nadar,Innovative Consulting,9501292510,rajnadar648@gmail.com,"43 Park Street, Indiranagar, Pune, Bihar",28-09-2023,23-08-2024
Raj Mishra,Systems Services,7933658155,rajmishra613@gmail.com,"90 MG Road, HSR Layout, Bangalore, Uttar Pradesh",06-10-2024,01-09-2025
Krishna Nadar,Future Consulting,9626002170,krishnanadar675@gmail.com,"12 MG Road, Koramangala, Surat, West Bengal",06-08-2022,02-07-2023
Raj Singh,Systems Partners,1464827725,rajsingh743@gmail.com,"21 Tilak Road, Andheri, Pune, Tamil Nadu",29-10-2024,24-09-2025
Vikram Nadar,Solutions Technologies,6149052395,vikramnadar699@gmail.com,"15 Park Street, Andheri, Kolkata, Maharashtra",06-06-2024,02-05-2025
Vikram Sharma,Tech Enterprise,3282046564,vikramsharma776@gmail.com,"73 MG Road, Koramangala, Surat, Tamil Nadu",01-04-2024,25-02-2025
Aditya Pichai,Group Solutions,9249838776,adityapichai986@gmail.com,"24 MG Road, HSR Layout, Jaipur, Uttar Pradesh",14-05-2023,08-04-2024
Veer Kapoor,International Consulting,2185139567,veerkapoor746@gmail.com,"39 MG Road, Bandra, Chennai, Tamil Nadu",19-02-2022,15-01-2023
Arjun Kapoor,Digital Solutions,1612367214,arjunkapoor146@gmail.com,"39 Park Street, Indiranagar, Kolkata, Bihar",22-07-2022,17-06-2023
Arjun Nadar,Innovative Partners,4615982925,arjunnadar122@gmail.com,"67 Sarat Bose Road, Andheri, Jaipur, Bihar",21-01-2022,17-12-2022
Krishna Sharma,Smart Industries,4174332660,krishnasharma596@gmail.com,"35 MG Road, Andheri, Ahmedabad, West Bengal",19-05-2022,14-04-2023
Veer Pichai,Group Solutions,7427855326,veerpichai651@gmail.com,"78 Sarat Bose Road, Andheri, Hyderabad, Andhra Pradesh",22-12-2022,17-11-2023
Krishna Kumar,Systems Consulting,1653820754,krishnakumar796@gmail.com,"56 Tilak Road, HSR Layout, Bangalore, Telangana",04-09-2024,31-07-2025
Veer Kumar,Enterprise Services,1829458508,veerkumar142@gmail.com,"14 Tilak Road, Bandra, Ahmedabad, Karnataka",09-01-2023,05-12-2023
Raj Pichai,Inc Services,6107724362,rajpichai339@gmail.com,"65 MG Road, Koramangala, Delhi, Uttar Pradesh",27-05-2023,21-04-2024
Arjun Singh,Smart Solutions,2387918245,arjunsingh139@gmail.com,"21 MG Road, Koramangala, Delhi, Maharashtra",05-04-2024,01-03-2025
Arjun Kumar,Smart Enterprise,7891810172,arjunkumar955@gmail.com,"80 Sarat Bose Road, Indiranagar, Bangalore, Bihar",15-07-2022,10-06-2023
Vikram Kumar,Corp Partners,4554889962,vikramkumar394@gmail.com,"55 Tilak Road, Indiranagar, Jaipur, Gujarat",28-06-2022,24-05-2023
Arjun Kapoor,Solutions Services,8356414446,arjunkapoor447@gmail.com,"15 Tilak Road, HSR Layout, Delhi, Madhya Pradesh",11-10-2024,06-09-2025
Krishna Verma,Tech Consulting,5393097164,krishnaverma684@gmail.com,"32 MG Road, HSR Layout, Delhi, West Bengal",05-01-2024,30-11-2024
Krishna Nadar,Corp Enterprise,8741554914,krishnanadar354@gmail.com,"58 Tilak Road, Andheri, Kolkata, Gujarat",27-10-2023,21-09-2024
Arjun Singh,Tech Group,6258738130,arjunsingh342@gmail.com,"66 MG Road, Koramangala, Bangalore, Karnataka",31-07-2023,25-06-2024
Krishna Pichai,Smart Corporation,7045258003,krishnapichai902@gmail.com,"75 Main Road, Andheri, Jaipur, West Bengal",02-12-2024,28-10-2025
Veer Mishra,Digital Enterprise,7559590693,veermishra485@gmail.com,"69 Tilak Road, Bandra, Kolkata, West Bengal",26-06-2022,22-05-2023
Raj Verma,Enterprise Services,2356981969,rajverma386@gmail.com,"49 Tilak Road, Indiranagar, Pune, Gujarat",29-11-2022,25-10-2023
Veer Kapoor,Creative Corporation,9008780390,veerkapoor766@gmail.com,"79 Park Street, Koramangala, Bangalore, Uttar Pradesh",16-11-2023,11-10-2024
Krishna Singh,Tech Consulting,2809674142,krishnasingh671@gmail.com,"33 Main Road, Bandra, Bangalore, Tamil Nadu",09-06-2024,05-05-2025
Veer Kapoor,Group Limited,3615788896,veerkapoor682@gmail.com,"4 Tilak Road, Andheri, Surat, Madhya Pradesh",27-06-2024,23-05-2025
Arjun Kapoor,Global Technologies,4112728905,arjunkapoor710@gmail.com,"3 MG Road, Bandra, Jaipur, Telangana",18-12-2023,12-11-2024
Aditya Kapoor,Inc Corporation,8889162764,adityakapoor257@gmail.com,"100 Tilak Road, Andheri, Chennai, Andhra Pradesh",24-06-2024,20-05-2025
Arjun Nadar,Group Solutions,6385984586,arjunnadar777@gmail.com,"4 Main Road, Indiranagar, Bangalore, Gujarat",18-09-2024,14-08-2025
Krishna Singh,Innovative Industries,3343036488,krishnasingh264@gmail.com,"32 Main Road, Koramangala, Pune, Andhra Pradesh",15-07-2024,10-06-2025
Aditya Kapoor,Solutions Enterprise,8828868452,adityakapoor717@gmail.com,"35 Park Street, HSR Layout, Ahmedabad, Maharashtra",30-12-2021,25-11-2022
Aditya Singh,Group Services,6144767423,adityasingh596@gmail.com,"98 Main Road, Andheri, Delhi, Karnataka",26-03-2024,19-02-2025
Vikram Mishra,Tech Industries,7653216662,vikrammishra471@gmail.com,"87 Main Road, Bandra, Pune, Madhya Pradesh",23-09-2023,18-08-2024
Arjun Singh,Smart Corporation,8993383010,arjunsingh821@gmail.com,"99 Sarat Bose Road, Andheri, Chennai, West Bengal",11-08-2023,06-07-2024
Vikram Kumar,Systems Enterprise,2951926464,vikramkumar183@gmail.com,"16 Sarat Bose Road, Bandra, Delhi, Gujarat",15-05-2023,09-04-2024
Arjun Kumar,Future Corporation,5427573492,arjunkumar512@gmail.com,"39 Sarat Bose Road, Koramangala, Ahmedabad, West Bengal",08-12-2023,02-11-2024
Veer Pichai,Systems Industries,5397097634,veerpichai498@gmail.com,"13 Sarat Bose Road, Bandra, Kolkata, Madhya Pradesh",26-11-2023,21-10-2024
Arjun Nadar,Digital Technologies,3241103144,arjunnadar206@gmail.com,"50 Tilak Road, Andheri, Jaipur, West Bengal",27-01-2023,23-12-2023
Krishna Kapoor,Global Enterprise,5304389383,krishnakapoor868@gmail.com,"18 Sarat Bose Road, Andheri, Chennai, Uttar Pradesh",30-06-2022,26-05-2023
Raj Sharma,Digital Solutions,9673028620,rajsharma272@gmail.com,"21 MG Road, Koramangala, Mumbai, Bihar",30-04-2023,25-03-2024
Vikram Verma,Systems Solutions,2923066305,vikramverma970@gmail.com,"8 Main Road, Andheri, Jaipur, West Bengal",20-04-2023,15-03-2024
Vikram Nadar,Creative Corporation,8708507592,vikramnadar899@gmail.com,"51 Park Street, Andheri, Surat, Andhra Pradesh",18-09-2024,14-08-2025
Vikram Nadar,Group Industries,6154865612,vikramnadar738@gmail.com,"83 Main Road, Andheri, Bangalore, Tamil Nadu",04-11-2024,30-09-2025
Vikram Verma,Creative Services,4174284262,vikramverma419@gmail.com,"32 Park Street, HSR Layout, Bangalore, Maharashtra",27-10-2022,22-09-2023
Aditya Pichai,Systems Limited,9026941154,adityapichai227@gmail.com,"47 Tilak Road, Andheri, Mumbai, Maharashtra",05-06-2024,01-05-2025
Arjun Mishra,Group Consulting,7949286532,arjunmishra692@gmail.com,"18 Tilak Road, HSR Layout, Jaipur, West Bengal",14-02-2023,10-01-2024
Aditya Nadar,Corp Enterprise,6514840238,adityanadar846@gmail.com,"33 Tilak Road, Bandra, Pune, Andhra Pradesh",06-02-2022,02-01-2023
Aditya Kapoor,Smart Consulting,8417376780,adityakapoor495@gmail.com,"5 Park Street, Bandra, Hyderabad, Maharashtra",14-01-2023,10-12-2023
Vikram Nadar,Innovative Consulting,6321565472,vikramnadar591@gmail.com,"31 Main Road, Koramangala, Bangalore, West Bengal",30-09-2022,26-08-2023
Krishna Pichai,Tech Enterprise,4513482500,krishnapichai711@gmail.com,"34 Park Street, HSR Layout, Bangalore, Tamil Nadu",07-01-2022,03-12-2022
Veer Kapoor,Group Services,4581750060,veerkapoor942@gmail.com,"13 Main Road, HSR Layout, Kolkata, Telangana",07-10-2023,01-09-2024
Krishna Mishra,Global Services,6747622283,krishnamishra860@gmail.com,"66 Tilak Road, Bandra, Surat, Maharashtra",19-07-2024,14-06-2025
Aditya Mishra,Digital Technologies,9346315736,adityamishra139@gmail.com,"18 Park Street, Indiranagar, Pune, Bihar",23-09-2024,19-08-2025
Arjun Kapoor,Group Industries,8192235617,arjunkapoor237@gmail.com,"15 MG Road, Andheri, Mumbai, Telangana",15-01-2024,10-12-2024
Raj Kapoor,Global Enterprise,2047526663,rajkapoor284@gmail.com,"31 MG Road, Indiranagar, Chennai, Bihar",05-04-2023,29-02-2024
Vikram Kapoor,Global Industries,8886890875,vikramkapoor670@gmail.com,"37 Sarat Bose Road, HSR Layout, Kolkata, Gujarat",02-10-2022,28-08-2023
Veer Sharma,Enterprise Corporation,3966624954,veersharma695@gmail.com,"63 Sarat Bose Road, Bandra, Chennai, Uttar Pradesh",26-02-2022,22-01-2023
Veer Kapoor,Tech Enterprise,2251427924,veerkapoor591@gmail.com,"9 Sarat Bose Road, Bandra, Bangalore, Gujarat",27-04-2022,23-03-2023
Vikram Pichai,Enterprise Solutions,5763240428,vikrampichai560@gmail.com,"9 Park Street, Indiranagar, Surat, Maharashtra",13-12-2021,08-11-2022
Raj Nadar,Global Corporation,5259398190,rajnadar454@gmail.com,"92 Sarat Bose Road, Bandra, Mumbai, Telangana",05-08-2024,01-07-2025
Arjun Verma,Digital Solutions,1624360649,arjunverma631@gmail.com,"83 Sarat Bose Road, Andheri, Chennai, Karnataka",06-06-2023,01-05-2024
Krishna Nadar,Solutions Partners,9901140563,krishnanadar293@gmail.com,"90 MG Road, HSR Layout, Bangalore, Telangana",24-07-2022,19-06-2023
Krishna Kapoor,Corp Corporation,5635389339,krishnakapoor716@gmail.com,"19 Park Street, Indiranagar, Hyderabad, Bihar",03-03-2022,27-01-2023
Krishna Verma,Global Enterprise,7016028756,krishnaverma192@gmail.com,"25 Tilak Road, Indiranagar, Mumbai, Telangana",22-02-2023,18-01-2024
Arjun Kapoor,Smart Limited,7185625225,arjunkapoor949@gmail.com,"65 Main Road, Koramangala, Hyderabad, Andhra Pradesh",17-06-2024,13-05-2025
Arjun Sharma,Future Technologies,4285534154,arjunsharma387@gmail.com,"13 Main Road, Bandra, Ahmedabad, Maharashtra",24-07-2022,19-06-2023
Arjun Pichai,Solutions Industries,2847556571,arjunpichai222@gmail.com,"6 MG Road, Koramangala, Surat, Maharashtra",04-01-2023,30-11-2023
Krishna Nadar,Inc Consulting,6399572311,krishnanadar119@gmail.com,"73 Sarat Bose Road, Indiranagar, Bangalore, Andhra Pradesh",30-04-2024,26-03-2025
Veer Nadar,International Industries,7905861921,veernadar960@gmail.com,"80 Tilak Road, Indiranagar, Hyderabad, Tamil Nadu",17-05-2022,12-04-2023
Krishna Nadar,Tech Solutions,1787425681,krishnanadar724@gmail.com,"90 Sarat Bose Road, HSR Layout, Hyderabad, West Bengal",22-06-2024,18-05-2025
Raj Kumar,Inc Solutions,4718786192,rajkumar828@gmail.com,"1 Tilak Road, Bandra, Delhi, Tamil Nadu",08-03-2022,01-02-2023
Krishna Kapoor,Systems Industries,9544011701,krishnakapoor620@gmail.com,"80 MG Road, HSR Layout, Bangalore, Gujarat",31-05-2023,25-04-2024
Arjun Pichai,Creative Partners,8787944578,arjunpichai686@gmail.com,"50 Park Street, Andheri, Mumbai, Maharashtra",08-10-2022,03-09-2023
Krishna Kumar,Systems Consulting,2935904514,krishnakumar462@gmail.com,"77 Tilak Road, Indiranagar, Hyderabad, West Bengal",10-06-2023,05-05-2024
Veer Sharma,Group Limited,5431551742,veersharma652@gmail.com,"29 MG Road, Indiranagar, Jaipur, Bihar",14-11-2023,09-10-2024
Vikram Kumar,Future Limited,4121486895,vikramkumar332@gmail.com,"63 MG Road, Indiranagar, Delhi, Karnataka",24-06-2022,20-05-2023
Raj Pichai,Innovative Solutions,3429858831,rajpichai936@gmail.com,"66 Main Road, Andheri, Bangalore, Telangana",09-02-2024,04-01-2025
Krishna Sharma,Limited Solutions,8648400900,krishnasharma801@gmail.com,"13 MG Road, HSR Layout, Hyderabad, Andhra Pradesh",25-02-2022,21-01-2023
Raj Nadar,Digital Limited,8661004820,rajnadar272@gmail.com,"59 Main Road, Indiranagar, Pune, Tamil Nadu",17-01-2022,13-12-2022
Krishna Singh,Enterprise Consulting,9224187145,krishnasingh957@gmail.com,"36 MG Road, HSR Layout, Pune, Bihar",01-02-2023,28-12-2023
Vikram Kapoor,Corp Services,2444319417,vikramkapoor211@gmail.com,"13 Main Road, Bandra, Pune, Madhya Pradesh",15-02-2022,11-01-2023
Krishna Kumar,Limited Partners,1549625275,krishnakumar989@gmail.com,"72 Tilak Road, HSR Layout, Hyderabad, Karnataka",29-10-2023,23-09-2024
Arjun Mishra,Systems Solutions,4387711078,arjunmishra890@gmail.com,"69 Sarat Bose Road, HSR Layout, Ahmedabad, Andhra Pradesh",05-05-2024,31-03-2025
Vikram Singh,Inc Corporation,2499496777,vikramsingh616@gmail.com,"28 MG Road, Koramangala, Pune, Andhra Pradesh",11-04-2024,07-03-2025
Vikram Kumar,International Enterprise,2797120202,vikramkumar626@gmail.com,"28 MG Road, HSR Layout, Kolkata, Madhya Pradesh",15-09-2024,11-08-2025
Veer Singh,Global Corporation,3968824714,veersingh338@gmail.com,"43 Tilak Road, Koramangala, Pune, West Bengal",19-11-2022,15-10-2023
Vikram Singh,Corp Limited,7899646835,vikramsingh456@gmail.com,"47 Sarat Bose Road, Bandra, Chennai, Bihar",01-02-2024,27-12-2024
Vikram Kumar,Systems Services,2905443090,vikramkumar221@gmail.com,"5 Park Street, HSR Layout, Bangalore, Karnataka",07-08-2023,02-07-2024
Vikram Nadar,Tech Group,9773146051,vikramnadar354@gmail.com,"50 Main Road, Andheri, Ahmedabad, West Bengal",14-08-2022,10-07-2023
Vikram Singh,Systems Enterprise,3556448094,vikramsingh604@gmail.com,"65 Sarat Bose Road, Andheri, Mumbai, Gujarat",13-10-2023,07-09-2024
Aditya Singh,Tech Limited,4701918869,adityasingh733@gmail.com,"78 Tilak Road, Koramangala, Pune, Tamil Nadu",20-08-2024,16-07-2025
Veer Kapoor,Global Technologies,5264100572,veerkapoor456@gmail.com,"44 Tilak Road, Bandra, Bangalore, Telangana",10-05-2024,05-04-2025
Aditya Nadar,Inc Corporation,2225833072,adityanadar727@gmail.com,"72 Park Street, Andheri, Jaipur, Bihar",18-07-2023,12-06-2024
Vikram Singh,Enterprise Consulting,2488636697,vikramsingh822@gmail.com,"86 Sarat Bose Road, Koramangala, Delhi, Telangana",16-04-2022,12-03-2023
Arjun Kumar,Systems Partners,4564675105,arjunkumar614@gmail.com,"51 MG Road, HSR Layout, Bangalore, Gujarat",18-07-2022,13-06-2023
Arjun Mishra,Smart Services,9644215341,arjunmishra990@gmail.com,"16 MG Road, HSR Layout, Bangalore, Maharashtra",26-05-2023,20-04-2024
Arjun Verma,Solutions Group,6915658463,arjunverma487@gmail.com,"69 Main Road, HSR Layout, Kolkata, Gujarat",25-01-2022,21-12-2022
Aditya Singh,Tech Industries,4116095963,adityasingh137@gmail.com,"90 Park Street, Andheri, Surat, Karnataka",24-03-2022,17-02-2023
Veer Mishra,Systems Services,3592246899,veermishra451@gmail.com,"58 MG Road, Andheri, Bangalore, West Bengal",17-05-2023,11-04-2024
Krishna Nadar,Innovative Services,3237464502,krishnanadar381@gmail.com,"93 Sarat Bose Road, Bandra, Ahmedabad, Gujarat",16-05-2022,11-04-2023
Vikram Mishra,Corp Consulting,4793677274,vikrammishra649@gmail.com,"25 Main Road, HSR Layout, Kolkata, Maharashtra",15-08-2024,11-07-2025
Arjun Pichai,Creative Solutions,1503945374,arjunpichai570@gmail.com,"99 Park Street, Indiranagar, Bangalore, Bihar",31-05-2024,26-04-2025
Aditya Singh,Enterprise Industries,2249574795,adityasingh760@gmail.com,"46 Main Road, HSR Layout, Pune, Karnataka",31-08-2024,27-07-2025
Vikram Pichai,Limited Solutions,8667778102,vikrampichai561@gmail.com,"13 Tilak Road, Bandra, Jaipur, Bihar",20-02-2023,16-01-2024
Arjun Kumar,Future Enterprise,8001116859,arjunkumar956@gmail.com,"65 Main Road, Indiranagar, Mumbai, Bihar",22-11-2024,18-10-2025
Veer Sharma,Limited Partners,9804713827,veersharma334@gmail.com,"58 Tilak Road, Koramangala, Ahmedabad, Karnataka",21-02-2023,17-01-2024
Krishna Kumar,Corp Limited,1848221337,krishnakumar359@gmail.com,"84 Sarat Bose Road, HSR Layout, Delhi, Maharashtra",04-03-2024,28-01-2025
Aditya Nadar,Smart Solutions,9549682082,adityanadar837@gmail.com,"56 MG Road, Bandra, Mumbai, Maharashtra",25-11-2022,21-10-2023
Aditya Sharma,Tech Solutions,1591368156,adityasharma229@gmail.com,"25 Park Street, Koramangala, Ahmedabad, Tamil Nadu",01-02-2022,28-12-2022
Krishna Verma,Group Services,3144918677,krishnaverma135@gmail.com,"71 Tilak Road, Indiranagar, Kolkata, West Bengal",19-06-2024,15-05-2025
Arjun Kumar,Digital Partners,9833083202,arjunkumar380@gmail.com,"31 Park Street, Andheri, Kolkata, West Bengal",14-01-2022,10-12-2022
Veer Pichai,International Limited,9735376158,veerpichai147@gmail.com,"60 Sarat Bose Road, Bandra, Mumbai, West Bengal",03-06-2023,28-04-2024
Vikram Verma,Innovative Enterprise,7088003018,vikramverma695@gmail.com,"20 Tilak Road, Bandra, Kolkata, West Bengal",05-01-2022,01-12-2022
Vikram Mishra,Limited Enterprise,1352185490,vikrammishra848@gmail.com,"95 Park Street, HSR Layout, Jaipur, Gujarat",24-01-2022,20-12-2022
Aditya Pichai,Corp Partners,3813013101,adityapichai810@gmail.com,"88 Park Street, Bandra, Mumbai, Uttar Pradesh",30-06-2022,26-05-2023
Aditya Pichai,International Corporation,1052610551,adityapichai192@gmail.com,"88 Main Road, Bandra, Bangalore, Bihar",30-07-2024,25-06-2025
Veer Sharma,Tech Limited,9962971529,veersharma121@gmail.com,"9 Sarat Bose Road, HSR Layout, Kolkata, West Bengal",06-09-2023,01-08-2024
Aditya Kumar,Corp Services,3266757117,adityakumar304@gmail.com,"98 Tilak Road, Andheri, Delhi, Bihar",18-12-2021,13-11-2022
Arjun Sharma,Creative Group,1169246082,arjunsharma451@gmail.com,"12 Tilak Road, Koramangala, Kolkata, Bihar",25-08-2023,20-07-2024
Veer Singh,Corp Group,1588280371,veersingh121@gmail.com,"31 MG Road, Indiranagar, Delhi, Telangana",18-10-2024,13-09-2025
Krishna Kapoor,Group Technologies,8055390010,krishnakapoor367@gmail.com,"48 Main Road, Bandra, Delhi, Maharashtra",05-06-2024,01-05-2025
Krishna Mishra,Innovative Technologies,8546976442,krishnamishra301@gmail.com,"60 Main Road, HSR Layout, Jaipur, Gujarat",29-12-2021,24-11-2022
Vikram Verma,Corp Industries,3232667469,vikramverma401@gmail.com,"38 Sarat Bose Road, HSR Layout, Surat, Telangana",02-08-2024,28-06-2025
Veer Mishra,Smart Group,9084849168,veermishra748@gmail.com,"64 Tilak Road, HSR Layout, Kolkata, Bihar",06-10-2022,01-09-2023
Krishna Kumar,Digital Solutions,2876878248,krishnakumar863@gmail.com,"25 Park Street, Koramangala, Delhi, Uttar Pradesh",23-08-2024,19-07-2025
Arjun Sharma,Limited Services,3136718495,arjunsharma600@gmail.com,"15 Sarat Bose Road, Koramangala, Chennai, Bihar",11-02-2022,07-01-2023
Veer Kumar,Future Corporation,4833303470,veerkumar435@gmail.com,"32 Park Street, Indiranagar, Hyderabad, Bihar",06-02-2023,02-01-2024
Veer Kapoor,Solutions Consulting,3014928232,veerkapoor686@gmail.com,"16 Park Street, Andheri, Hyderabad, Telangana",19-02-2022,15-01-2023
Raj Kumar,Tech Technologies,4683440361,rajkumar921@gmail.com,"23 Tilak Road, Andheri, Ahmedabad, Uttar Pradesh",02-10-2023,27-08-2024
Vikram Sharma,Inc Group,8363550891,vikramsharma619@gmail.com,"21 Sarat Bose Road, HSR Layout, Kolkata, Andhra Pradesh",18-02-2022,14-01-2023
Krishna Sharma,Inc Consulting,1425851272,krishnasharma900@gmail.com,"85 Sarat Bose Road, Bandra, Delhi, Tamil Nadu",09-02-2023,05-01-2024
Krishna Singh,Limited Enterprise,1863168595,krishnasingh935@gmail.com,"16 Tilak Road, Koramangala, Kolkata, Gujarat",22-07-2024,17-06-2025
Krishna Nadar,Group Services,5174632414,krishnanadar145@gmail.com,"36 MG Road, Andheri, Jaipur, Gujarat",19-11-2024,15-10-2025
Veer Kapoor,Digital Corporation,7177985205,veerkapoor193@gmail.com,"50 Park Street, Bandra, Ahmedabad, Gujarat",19-10-2022,14-09-2023
Vikram Verma,Tech Group,3875731207,vikramverma879@gmail.com,"68 MG Road, Indiranagar, Delhi, Telangana",03-10-2024,29-08-2025
Raj Singh,Corp Corporation,5775042493,rajsingh489@gmail.com,"34 Sarat Bose Road, HSR Layout, Bangalore, Karnataka",03-07-2022,29-05-2023
Arjun Pichai,Creative Technologies,5925542513,arjunpichai857@gmail.com,"19 Tilak Road, Bandra, Bangalore, Telangana",15-04-2022,11-03-2023
Arjun Kapoor,Enterprise Solutions,1739670622,arjunkapoor285@gmail.com,"17 Tilak Road, Koramangala, Bangalore, West Bengal",18-09-2024,14-08-2025
Krishna Singh,Creative Limited,8605461979,krishnasingh568@gmail.com,"5 Sarat Bose Road, Andheri, Delhi, Andhra Pradesh",09-03-2023,02-02-2024
Krishna Nadar,Global Limited,7841767059,krishnanadar640@gmail.com,"97 Main Road, Bandra, Chennai, Gujarat",18-08-2024,14-07-2025
Arjun Singh,Enterprise Services,9816476963,arjunsingh878@gmail.com,"43 Sarat Bose Road, Indiranagar, Hyderabad, Karnataka",21-05-2022,16-04-2023
Arjun Verma,Future Enterprise,5429141276,arjunverma938@gmail.com,"67 Sarat Bose Road, Andheri, Kolkata, Madhya Pradesh",05-09-2024,01-08-2025
Arjun Nadar,Group Corporation,8556693462,arjunnadar170@gmail.com,"11 MG Road, Indiranagar, Pune, West Bengal",05-05-2022,31-03-2023
Krishna Pichai,International Industries,7846017683,krishnapichai111@gmail.com,"100 Main Road, Koramangala, Jaipur, Tamil Nadu",21-04-2022,17-03-2023
Vikram Pichai,Global Solutions,9018514763,vikrampichai889@gmail.com,"3 Main Road, Indiranagar, Pune, Bihar",27-11-2024,23-10-2025
Raj Singh,Innovative Group,7668377938,rajsingh814@gmail.com,"56 Main Road, Indiranagar, Jaipur, Karnataka",19-02-2022,15-01-2023
Arjun Pichai,Future Partners,8587762786,arjunpichai945@gmail.com,"79 Sarat Bose Road, HSR Layout, Bangalore, Madhya Pradesh",29-08-2022,25-07-2023
Krishna Sharma,Innovative Industries,9562863846,krishnasharma971@gmail.com,"59 Park Street, Indiranagar, Chennai, Karnataka",15-04-2023,10-03-2024
Vikram Mishra,Systems Corporation,1727595354,vikrammishra384@gmail.com,"16 Main Road, HSR Layout, Hyderabad, Telangana",08-02-2024,03-01-2025
Raj Mishra,Systems Enterprise,1152051721,rajmishra352@gmail.com,"76 MG Road, HSR Layout, Jaipur, West Bengal",17-03-2022,10-02-2023
Arjun Kapoor,Global Partners,2532944079,arjunkapoor310@gmail.com,"25 MG Road, Bandra, Mumbai, Gujarat",23-10-2024,18-09-2025
Vikram Mishra,Smart Services,8545993479,vikrammishra988@gmail.com,"73 Tilak Road, Bandra, Ahmedabad, Gujarat",26-05-2024,21-04-2025
Aditya Mishra,Future Technologies,2557235163,adityamishra224@gmail.com,"19 Main Road, Koramangala, Surat, Tamil Nadu",25-12-2022,20-11-2023
Arjun Nadar,Future Corporation,9263650442,arjunnadar339@gmail.com,"6 MG Road, Andheri, Pune, Gujarat",07-05-2022,02-04-2023
Arjun Verma,Global Partners,2179280805,arjunverma816@gmail.com,"20 Tilak Road, Andheri, Mumbai, Madhya Pradesh",21-08-2024,17-07-2025
Vikram Kumar,Solutions Partners,6858474406,vikramkumar312@gmail.com,"21 Park Street, Bandra, Pune, Bihar",24-04-2024,20-03-2025
Raj Singh,Group Technologies,3721247745,rajsingh652@gmail.com,"5 Park Street, Indiranagar, Hyderabad, Andhra Pradesh",01-09-2024,28-07-2025
Raj Kapoor,Systems Enterprise,8722415636,rajkapoor614@gmail.com,"95 Main Road, HSR Layout, Surat, Karnataka",24-02-2022,20-01-2023
Krishna Kapoor,Digital Corporation,3571556091,krishnakapoor494@gmail.com,"35 Park Street, Andheri, Bangalore, Madhya Pradesh",13-04-2024,09-03-2025
Veer Nadar,Global Partners,9327833918,veernadar247@gmail.com,"54 Main Road, HSR Layout, Kolkata, Tamil Nadu",02-02-2022,29-12-2022
Vikram Mishra,Limited Consulting,4658036802,vikrammishra913@gmail.com,"25 Tilak Road, Bandra, Jaipur, Maharashtra",07-03-2023,31-01-2024
Raj Mishra,Enterprise Technologies,4166457724,rajmishra970@gmail.com,"68 Tilak Road, Koramangala, Mumbai, Andhra Pradesh",29-06-2024,25-05-2025
Aditya Kumar,Group Services,2193348957,adityakumar874@gmail.com,"76 Sarat Bose Road, Bandra, Kolkata, Bihar",01-08-2023,26-06-2024
Aditya Pichai,Global Technologies,3068197160,adityapichai832@gmail.com,"65 Tilak Road, Bandra, Mumbai, Karnataka",10-07-2024,05-06-2025
Aditya Kumar,Global Solutions,8942038542,adityakumar273@gmail.com,"100 Park Street, Bandra, Hyderabad, Madhya Pradesh",20-08-2023,15-07-2024
Aditya Verma,Enterprise Solutions,7722832920,adityaverma614@gmail.com,"60 Sarat Bose Road, Bandra, Chennai, Bihar",04-02-2023,31-12-2023
Raj Singh,Inc Enterprise,8532401739,rajsingh830@gmail.com,"53 MG Road, Indiranagar, Jaipur, Karnataka",15-01-2022,11-12-2022
Raj Nadar,Corp Limited,5282818572,rajnadar117@gmail.com,"34 Tilak Road, Koramangala, Hyderabad, Gujarat",09-04-2023,04-03-2024
Raj Singh,Inc Corporation,4093898974,rajsingh648@gmail.com,"17 Tilak Road, HSR Layout, Chennai, Telangana",06-06-2023,01-05-2024
Raj Kumar,Innovative Enterprise,2471472254,rajkumar256@gmail.com,"5 Sarat Bose Road, Andheri, Kolkata, Tamil Nadu",20-11-2023,15-10-2024
Veer Kumar,Smart Enterprise,6614132713,veerkumar444@gmail.com,"22 Tilak Road, Andheri, Pune, Andhra Pradesh",08-10-2023,02-09-2024
Veer Kumar,Enterprise Solutions,3237210162,veerkumar237@gmail.com,"99 MG Road, Andheri, Jaipur, Madhya Pradesh",28-09-2023,23-08-2024
Arjun Kapoor,Future Solutions,7713523298,arjunkapoor949@gmail.com,"33 Tilak Road, Andheri, Hyderabad, Maharashtra",11-11-2024,07-10-2025
Aditya Kapoor,Inc Corporation,4624957923,adityakapoor258@gmail.com,"67 Park Street, Indiranagar, Pune, Uttar Pradesh",28-12-2023,22-11-2024
Raj Nadar,Smart Services,6396029717,rajnadar986@gmail.com,"83 Main Road, Bandra, Kolkata, Uttar Pradesh",20-02-2024,15-01-2025
Veer Sharma,Creative Services,1793790741,veersharma265@gmail.com,"55 Park Street, Bandra, Surat, Andhra Pradesh",26-10-2023,20-09-2024
Krishna Verma,Solutions Group,6409473608,krishnaverma351@gmail.com,"81 MG Road, Andheri, Pune, Gujarat",16-06-2023,11-05-2024
Vikram Sharma,Solutions Services,7149434940,vikramsharma680@gmail.com,"73 Sarat Bose Road, Bandra, Delhi, Gujarat",29-07-2022,24-06-2023
Raj Pichai,Group Enterprise,3246981434,rajpichai645@gmail.com,"3 Sarat Bose Road, Bandra, Delhi, Uttar Pradesh",29-05-2024,24-04-2025
Veer Mishra,Limited Industries,9902061119,veermishra592@gmail.com,"82 Main Road, Bandra, Hyderabad, Bihar",06-02-2024,01-01-2025
Arjun Nadar,Systems Enterprise,1325997811,arjunnadar403@gmail.com,"27 Park Street, HSR Layout, Hyderabad, Maharashtra",26-07-2024,21-06-2025
Aditya Kapoor,Smart Enterprise,3604486709,adityakapoor291@gmail.com,"75 Park Street, Bandra, Delhi, Bihar",14-12-2021,09-11-2022
Arjun Sharma,Future Consulting,5712949952,arjunsharma665@gmail.com,"37 Main Road, Koramangala, Mumbai, Bihar",04-03-2022,28-01-2023
Aditya Verma,Innovative Corporation,3868882532,adityaverma402@gmail.com,"4 MG Road, HSR Layout, Mumbai, Telangana",22-07-2024,17-06-2025
Raj Kumar,Corp Consulting,9443974779,rajkumar540@gmail.com,"5 Park Street, Bandra, Jaipur, Uttar Pradesh",17-05-2023,11-04-2024
Aditya Sharma,Inc Technologies,2793811083,adityasharma219@gmail.com,"28 MG Road, HSR Layout, Kolkata, West Bengal",05-02-2024,31-12-2024
Aditya Singh,Solutions Solutions,6324869208,adityasingh227@gmail.com,"64 Park Street, Indiranagar, Chennai, Bihar",05-12-2022,31-10-2023
Krishna Singh,International Corporation,4235790162,krishnasingh905@gmail.com,"20 Tilak Road, HSR Layout, Hyderabad, Madhya Pradesh",27-04-2022,23-03-2023
Vikram Pichai,Systems Consulting,2059874122,vikrampichai659@gmail.com,"79 Tilak Road, Bandra, Surat, West Bengal",28-04-2024,24-03-2025
Veer Kumar,Corp Technologies,3704105385,veerkumar168@gmail.com,"82 Main Road, Bandra, Mumbai, Telangana",24-03-2024,17-02-2025
Vikram Kapoor,Innovative Solutions,4655641666,vikramkapoor558@gmail.com,"35 MG Road, Bandra, Delhi, Tamil Nadu",19-09-2023,14-08-2024
Raj Pichai,Digital Industries,2826029908,rajpichai132@gmail.com,"40 Tilak Road, Indiranagar, Bangalore, Karnataka",04-09-2023,30-07-2024
Arjun Kumar,Global Technologies,8159360175,arjunkumar706@gmail.com,"21 Park Street, Koramangala, Jaipur, Karnataka",12-07-2022,07-06-2023
Krishna Verma,Group Services,2469774259,krishnaverma560@gmail.com,"52 Main Road, Bandra, Pune, West Bengal",19-09-2023,14-08-2024
Arjun Kapoor,Systems Partners,4421442161,arjunkapoor451@gmail.com,"18 Park Street, Indiranagar, Kolkata, Gujarat",01-09-2022,28-07-2023
Arjun Kapoor,Limited Group,8208345103,arjunkapoor572@gmail.com,"72 Main Road, Andheri, Bangalore, Uttar Pradesh",01-11-2023,26-09-2024
Aditya Verma,Smart Technologies,9029523912,adityaverma890@gmail.com,"93 Main Road, Koramangala, Delhi, Tamil Nadu",05-07-2022,31-05-2023
Raj Pichai,Innovative Services,8723486312,rajpichai923@gmail.com,"85 Main Road, Indiranagar, Jaipur, Madhya Pradesh",20-01-2024,15-12-2024
Aditya Kapoor,Systems Limited,9468385423,adityakapoor354@gmail.com,"61 Park Street, HSR Layout, Hyderabad, West Bengal",07-11-2022,03-10-2023
Arjun Singh,Smart Enterprise,6854064299,arjunsingh270@gmail.com,"38 Main Road, Indiranagar, Ahmedabad, Madhya Pradesh",07-03-2024,31-01-2025
Krishna Verma,Corp Group,5396477973,krishnaverma426@gmail.com,"31 Tilak Road, HSR Layout, Jaipur, Bihar",12-12-2021,07-11-2022
Krishna Singh,Inc Solutions,4382147462,krishnasingh754@gmail.com,"99 Main Road, Andheri, Jaipur, Gujarat",10-03-2022,03-02-2023
Arjun Sharma,Innovative Industries,6952784354,arjunsharma154@gmail.com,"8 Tilak Road, HSR Layout, Pune, Uttar Pradesh",30-10-2022,25-09-2023
Arjun Kumar,Enterprise Corporation,7923993320,arjunkumar876@gmail.com,"59 Tilak Road, HSR Layout, Mumbai, Maharashtra",16-06-2024,12-05-2025
Veer Kapoor,Limited Consulting,3496188393,veerkapoor794@gmail.com,"61 Tilak Road, Andheri, Chennai, West Bengal",16-08-2024,12-07-2025
Arjun Nadar,Future Consulting,9566480040,arjunnadar173@gmail.com,"76 Tilak Road, Andheri, Bangalore, Bihar",01-10-2022,27-08-2023
Veer Singh,Corp Enterprise,8556376493,veersingh437@gmail.com,"65 Tilak Road, Indiranagar, Pune, Gujarat",30-12-2023,24-11-2024
Arjun Mishra,Solutions Technologies,1872575777,arjunmishra264@gmail.com,"77 Tilak Road, Indiranagar, Surat, Madhya Pradesh",13-07-2023,07-06-2024
Krishna Mishra,Limited Partners,5355663114,krishnamishra156@gmail.com,"94 Main Road, Bandra, Jaipur, West Bengal",26-07-2024,21-06-2025
Vikram Sharma,Inc Services,9534745352,vikramsharma659@gmail.com,"29 Main Road, Indiranagar, Pune, Bihar",16-04-2023,11-03-2024
Veer Singh,Creative Partners,8574836860,veersingh115@gmail.com,"8 Sarat Bose Road, Koramangala, Pune, Gujarat",11-11-2022,07-10-2023
Raj Nadar,Systems Enterprise,9482787742,rajnadar517@gmail.com,"30 Sarat Bose Road, Koramangala, Chennai, Madhya Pradesh",17-08-2023,12-07-2024
Krishna Nadar,Limited Limited,1578948398,krishnanadar643@gmail.com,"62 MG Road, Andheri, Surat, Bihar",05-02-2023,01-01-2024
Aditya Verma,Digital Enterprise,2664478717,adityaverma710@gmail.com,"97 Tilak Road, Indiranagar, Kolkata, Karnataka",07-08-2022,03-07-2023
Arjun Verma,International Partners,1017967434,arjunverma892@gmail.com,"50 Tilak Road, Indiranagar, Surat, Gujarat",13-04-2023,08-03-2024
Krishna Singh,Global Solutions,6488126002,krishnasingh526@gmail.com,"30 Main Road, Indiranagar, Bangalore, Madhya Pradesh",13-08-2024,09-07-2025
Krishna Singh,Systems Partners,1015679594,krishnasingh536@gmail.com,"50 Main Road, Bandra, Delhi, Uttar Pradesh",12-09-2023,07-08-2024
Aditya Verma,Future Enterprise,5513685005,adityaverma706@gmail.com,"97 Main Road, HSR Layout, Jaipur, Karnataka",08-10-2022,03-09-2023
Aditya Singh,Solutions Group,3771543052,adityasingh519@gmail.com,"64 Park Street, Indiranagar, Kolkata, Telangana",17-03-2023,10-02-2024
Aditya Pichai,Future Corporation,7701664503,adityapichai470@gmail.com,"62 Park Street, Koramangala, Chennai, Gujarat",26-04-2024,22-03-2025
Vikram Verma,Tech Limited,3192650670,vikramverma902@gmail.com,"85 Park Street, Koramangala, Ahmedabad, Bihar",17-05-2022,12-04-2023
Vikram Mishra,Creative Services,4963294933,vikrammishra501@gmail.com,"58 Main Road, Indiranagar, Pune, Uttar Pradesh",11-03-2024,04-02-2025
Raj Singh,Systems Services,3735528810,rajsingh581@gmail.com,"11 MG Road, Andheri, Bangalore, Tamil Nadu",06-08-2024,02-07-2025
Arjun Verma,Systems Enterprise,1966693439,arjunverma146@gmail.com,"86 MG Road, HSR Layout, Jaipur, Tamil Nadu",17-02-2022,13-01-2023
Aditya Nadar,Global Corporation,4286293545,adityanadar298@gmail.com,"25 Tilak Road, Andheri, Chennai, Karnataka",09-05-2022,04-04-2023
Aditya Singh,Smart Industries,7463463304,adityasingh154@gmail.com,"28 Park Street, Koramangala, Kolkata, West Bengal",02-09-2022,29-07-2023
Arjun Mishra,Global Partners,5318040922,arjunmishra861@gmail.com,"31 Main Road, Indiranagar, Hyderabad, Madhya Pradesh",17-10-2024,12-09-2025
Veer Pichai,Solutions Group,9817639004,veerpichai382@gmail.com,"75 Main Road, Indiranagar, Jaipur, Bihar",25-02-2024,20-01-2025
Arjun Sharma,Smart Technologies,1981869869,arjunsharma126@gmail.com,"65 MG Road, Indiranagar, Chennai, Telangana",13-01-2023,09-12-2023
Vikram Pichai,Corp Partners,2876497836,vikrampichai115@gmail.com,"39 Sarat Bose Road, HSR Layout, Hyderabad, Tamil Nadu",24-06-2023,19-05-2024
Vikram Kapoor,Tech Industries,6986916322,vikramkapoor438@gmail.com,"2 Tilak Road, Bandra, Pune, Uttar Pradesh",13-02-2024,08-01-2025
Krishna Singh,Group Group,9204239227,krishnasingh789@gmail.com,"62 MG Road, Indiranagar, Delhi, Andhra Pradesh",02-03-2024,26-01-2025
Vikram Pichai,Group Industries,9332823524,vikrampichai263@gmail.com,"98 Park Street, HSR Layout, Bangalore, Gujarat",13-09-2022,09-08-2023
Aditya Pichai,International Services,7969298144,adityapichai745@gmail.com,"94 Park Street, HSR Layout, Surat, West Bengal",06-08-2023,01-07-2024
Aditya Nadar,Corp Corporation,1538371264,adityanadar319@gmail.com,"14 Main Road, Koramangala, Jaipur, Andhra Pradesh",01-09-2023,27-07-2024
Raj Singh,Solutions Solutions,7126944536,rajsingh193@gmail.com,"14 Sarat Bose Road, Koramangala, Chennai, Gujarat",08-03-2024,01-02-2025
Veer Verma,Solutions Consulting,4324823590,veerverma542@gmail.com,"19 Main Road, HSR Layout, Kolkata, Madhya Pradesh",09-04-2022,05-03-2023
Veer Singh,Corp Services,5349837472,veersingh518@gmail.com,"85 Park Street, HSR Layout, Hyderabad, Uttar Pradesh",23-11-2022,19-10-2023
Arjun Verma,Smart Enterprise,6251750366,arjunverma400@gmail.com,"65 Tilak Road, HSR Layout, Mumbai, Maharashtra",11-05-2022,06-04-2023
Vikram Pichai,Global Consulting,2833916082,vikrampichai692@gmail.com,"38 Tilak Road, Bandra, Kolkata, Karnataka",28-09-2024,24-08-2025
Veer Sharma,Digital Solutions,9451213612,veersharma678@gmail.com,"54 Park Street, Andheri, Pune, Telangana",01-12-2024,27-10-2025
Veer Verma,Enterprise Limited,6813329430,veerverma345@gmail.com,"85 Park Street, Koramangala, Jaipur, Gujarat",01-05-2022,27-03-2023
Vikram Kapoor,Solutions Industries,6134315022,vikramkapoor497@gmail.com,"61 MG Road, HSR Layout, Delhi, Maharashtra",21-12-2023,15-11-2024
Veer Verma,Corp Services,6459367727,veerverma139@gmail.com,"56 MG Road, Koramangala, Ahmedabad, Andhra Pradesh",22-06-2023,17-05-2024
Vikram Singh,Tech Partners,2943352710,vikramsingh575@gmail.com,"55 Park Street, Bandra, Delhi, Gujarat",05-07-2023,30-05-2024
Arjun Mishra,Limited Corporation,9536318076,arjunmishra852@gmail.com,"9 Park Street, Bandra, Jaipur, Telangana",19-12-2022,14-11-2023
Veer Sharma,Corp Industries,5676378102,veersharma353@gmail.com,"1 MG Road, Indiranagar, Ahmedabad, Karnataka",23-11-2023,18-10-2024
Arjun Mishra,Enterprise Solutions,2472666508,arjunmishra760@gmail.com,"78 Sarat Bose Road, Bandra, Delhi, Telangana",26-04-2024,22-03-2025
Aditya Pichai,Innovative Corporation,7969210425,adityapichai913@gmail.com,"63 Tilak Road, HSR Layout, Hyderabad, Andhra Pradesh",06-08-2023,01-07-2024
Veer Mishra,Inc Technologies,9575803160,veermishra363@gmail.com,"94 MG Road, Koramangala, Delhi, Tamil Nadu",18-09-2023,13-08-2024
Raj Verma,Limited Industries,8613785904,rajverma823@gmail.com,"18 Sarat Bose Road, Indiranagar, Jaipur, Bihar",10-11-2022,06-10-2023
Vikram Verma,Creative Services,1228055890,vikramverma742@gmail.com,"63 MG Road, Andheri, Surat, Karnataka",14-02-2022,10-01-2023
Vikram Nadar,Tech Limited,2208522704,vikramnadar954@gmail.com,"7 MG Road, Andheri, Chennai, West Bengal",07-06-2022,03-05-2023
Raj Nadar,Digital Group,1653721129,rajnadar729@gmail.com,"37 Sarat Bose Road, Bandra, Hyderabad, Telangana",29-06-2022,25-05-2023
Krishna Verma,Global Industries,3463238554,krishnaverma197@gmail.com,"44 Sarat Bose Road, Koramangala, Bangalore, Uttar Pradesh",02-08-2023,27-06-2024
Arjun Pichai,Corp Industries,7668004941,arjunpichai166@gmail.com,"33 Park Street, Bandra, Mumbai, Gujarat",05-04-2024,01-03-2025
Arjun Mishra,Creative Consulting,5029043292,arjunmishra639@gmail.com,"35 Park Street, Indiranagar, Jaipur, Andhra Pradesh",15-07-2022,10-06-2023
Veer Mishra,Corp Limited,7775963242,veermishra279@gmail.com,"59 Tilak Road, HSR Layout, Jaipur, West Bengal",24-07-2022,19-06-2023
Veer Kumar,Systems Corporation,9129680042,veerkumar515@gmail.com,"18 Sarat Bose Road, Indiranagar, Jaipur, Tamil Nadu",18-08-2024,14-07-2025
Arjun Nadar,Future Enterprise,1013164127,arjunnadar214@gmail.com,"24 Park Street, Indiranagar, Mumbai, Karnataka",03-05-2023,28-03-2024
Vikram Singh,Tech Services,5366518437,vikramsingh880@gmail.com,"58 Main Road, Andheri, Kolkata, Maharashtra",11-07-2023,05-06-2024
Aditya Kapoor,Innovative Solutions,6755640329,adityakapoor382@gmail.com,"60 Main Road, Andheri, Pune, Bihar",18-08-2023,13-07-2024
Krishna Sharma,Group Services,4122153910,krishnasharma214@gmail.com,"44 Park Street, Indiranagar, Surat, Maharashtra",15-06-2024,11-05-2025
Veer Verma,Systems Corporation,9041144211,veerverma700@gmail.com,"90 Main Road, Koramangala, Chennai, Uttar Pradesh",14-06-2024,10-05-2025
Arjun Nadar,Tech Group,8066307434,arjunnadar118@gmail.com,"98 Main Road, Indiranagar, Mumbai, Bihar",27-03-2024,20-02-2025
Arjun Verma,Innovative Corporation,7908100691,arjunverma917@gmail.com,"97 Main Road, Indiranagar, Kolkata, Karnataka",06-01-2022,02-12-2022
Arjun Kapoor,Global Group,1827058081,arjunkapoor182@gmail.com,"75 Park Street, Bandra, Surat, Tamil Nadu",06-04-2023,01-03-2024
Raj Nadar,Corp Consulting,8169074821,rajnadar400@gmail.com,"44 Main Road, Bandra, Hyderabad, Telangana",11-08-2022,07-07-2023
Vikram Verma,Tech Technologies,1937741555,vikramverma741@gmail.com,"86 Main Road, Koramangala, Bangalore, Madhya Pradesh",01-07-2022,27-05-2023
Veer Verma,Digital Enterprise,8106505052,veerverma370@gmail.com,"32 Tilak Road, Koramangala, Delhi, Karnataka",18-03-2023,11-02-2024
Krishna Kapoor,Tech Technologies,9112179543,krishnakapoor839@gmail.com,"1 Sarat Bose Road, Bandra, Chennai, Karnataka",08-12-2023,02-11-2024
Raj Verma,Smart Industries,6869715232,rajverma589@gmail.com,"8 MG Road, Koramangala, Bangalore, Uttar Pradesh",09-07-2022,04-06-2023
Krishna Pichai,Innovative Consulting,3795681942,krishnapichai981@gmail.com,"55 Sarat Bose Road, Koramangala, Ahmedabad, Uttar Pradesh",02-03-2022,26-01-2023
Vikram Sharma,Limited Industries,9524133303,vikramsharma554@gmail.com,"97 Tilak Road, Andheri, Hyderabad, Andhra Pradesh",12-06-2022,08-05-2023
Krishna Pichai,Enterprise Partners,2394355525,krishnapichai382@gmail.com,"22 Tilak Road, Koramangala, Pune, Madhya Pradesh",24-03-2023,17-02-2024
Vikram Kapoor,Solutions Partners,3263915061,vikramkapoor852@gmail.com,"27 Tilak Road, Koramangala, Hyderabad, Madhya Pradesh",30-05-2024,25-04-2025
Raj Nadar,Creative Services,2129423152,rajnadar981@gmail.com,"16 Park Street, HSR Layout, Pune, Andhra Pradesh",18-05-2024,13-04-2025
Aditya Sharma,Corp Solutions,5467045197,adityasharma384@gmail.com,"26 Sarat Bose Road, Indiranagar, Kolkata, Uttar Pradesh",06-03-2022,30-01-2023
Krishna Singh,Enterprise Group,5159646598,krishnasingh369@gmail.com,"82 Tilak Road, Andheri, Kolkata, Madhya Pradesh",10-06-2023,05-05-2024
Arjun Kapoor,Digital Solutions,3045789558,arjunkapoor539@gmail.com,"57 Park Street, Koramangala, Bangalore, Madhya Pradesh",08-03-2023,01-02-2024
Veer Singh,Corp Limited,1695953710,veersingh926@gmail.com,"98 Tilak Road, Koramangala, Delhi, Andhra Pradesh",25-05-2022,20-04-2023
Vikram Kumar,Smart Group,8455498835,vikramkumar389@gmail.com,"58 Main Road, Koramangala, Surat, West Bengal",13-01-2022,09-12-2022
Veer Verma,Corp Enterprise,2159685095,veerverma900@gmail.com,"86 MG Road, HSR Layout, Chennai, Uttar Pradesh",08-01-2024,03-12-2024
Aditya Singh,Corp Corporation,7648341414,adityasingh523@gmail.com,"90 Main Road, HSR Layout, Pune, Karnataka",11-07-2022,06-06-2023
Vikram Nadar,Smart Consulting,9305286688,vikramnadar880@gmail.com,"41 Tilak Road, Koramangala, Jaipur, Gujarat",28-03-2024,21-02-2025
Aditya Nadar,Solutions Corporation,4812536273,adityanadar120@gmail.com,"18 Main Road, Koramangala, Surat, Tamil Nadu",16-06-2024,12-05-2025
Aditya Sharma,Systems Services,8765020228,adityasharma523@gmail.com,"92 Park Street, Koramangala, Mumbai, Gujarat",31-03-2022,24-02-2023
Krishna Kapoor,Corp Partners,7933406188,krishnakapoor995@gmail.com,"13 Park Street, Indiranagar, Jaipur, Gujarat",29-01-2023,25-12-2023
Krishna Singh,Smart Enterprise,1043696896,krishnasingh963@gmail.com,"59 Sarat Bose Road, Indiranagar, Chennai, Andhra Pradesh",01-11-2022,27-09-2023
Krishna Kapoor,Limited Partners,2172843665,krishnakapoor298@gmail.com,"35 Sarat Bose Road, Indiranagar, Pune, Uttar Pradesh",11-06-2022,07-05-2023
Vikram Kumar,Systems Consulting,8085512436,vikramkumar758@gmail.com,"57 MG Road, HSR Layout, Kolkata, Madhya Pradesh",12-10-2022,07-09-2023
Arjun Kapoor,Global Enterprise,4655464414,arjunkapoor765@gmail.com,"34 Sarat Bose Road, Andheri, Chennai, Karnataka",06-07-2023,31-05-2024
Aditya Sharma,Systems Technologies,4192732738,adityasharma776@gmail.com,"25 MG Road, Bandra, Delhi, Tamil Nadu",02-12-2024,28-10-2025
Aditya Pichai,Inc Services,3575635206,adityapichai184@gmail.com,"31 Sarat Bose Road, Andheri, Ahmedabad, West Bengal",20-03-2024,13-02-2025
Veer Sharma,Smart Consulting,4944162974,veersharma358@gmail.com,"8 Main Road, Andheri, Hyderabad, Bihar",22-07-2024,17-06-2025
Raj Pichai,Future Industries,6443170865,rajpichai477@gmail.com,"91 Park Street, Koramangala, Chennai, Tamil Nadu",17-11-2022,13-10-2023
Vikram Kapoor,International Group,9019007015,vikramkapoor804@gmail.com,"16 MG Road, Koramangala, Delhi, Andhra Pradesh",13-08-2022,09-07-2023
Krishna Sharma,Limited Solutions,9796088874,krishnasharma424@gmail.com,"94 MG Road, Indiranagar, Ahmedabad, Madhya Pradesh",25-01-2023,21-12-2023
Raj Singh,Corp Enterprise,4606689078,rajsingh214@gmail.com,"71 Main Road, Koramangala, Jaipur, Karnataka",13-03-2023,06-02-2024
Aditya Sharma,Enterprise Solutions,7954586369,adityasharma938@gmail.com,"55 MG Road, HSR Layout, Ahmedabad, Karnataka",30-10-2023,24-09-2024
Arjun Pichai,Digital Limited,5743988826,arjunpichai645@gmail.com,"3 Tilak Road, Andheri, Surat, Madhya Pradesh",05-08-2023,30-06-2024
Veer Sharma,Digital Services,1881403019,veersharma443@gmail.com,"85 Park Street, Bandra, Bangalore, Bihar",24-11-2023,19-10-2024
Arjun Verma,Innovative Solutions,4374105579,arjunverma947@gmail.com,"3 Park Street, Bandra, Jaipur, West Bengal",14-06-2023,09-05-2024
Vikram Mishra,Group Partners,4306599386,vikrammishra796@gmail.com,"9 Tilak Road, HSR Layout, Surat, Madhya Pradesh",05-03-2024,29-01-2025
Aditya Kumar,Global Consulting,6949220437,adityakumar991@gmail.com,"77 MG Road, Indiranagar, Bangalore, Gujarat",13-04-2022,09-03-2023
Aditya Mishra,Inc Limited,5437399452,adityamishra307@gmail.com,"30 Sarat Bose Road, Indiranagar, Mumbai, Gujarat",29-04-2024,25-03-2025
Arjun Kapoor,Limited Consulting,1129110441,arjunkapoor316@gmail.com,"16 Tilak Road, Bandra, Jaipur, Karnataka",10-07-2023,04-06-2024
Aditya Pichai,Limited Industries,7005302235,adityapichai204@gmail.com,"92 Park Street, Andheri, Surat, Bihar",09-06-2024,05-05-2025
Vikram Singh,Global Partners,7414323021,vikramsingh480@gmail.com,"46 Tilak Road, Andheri, Jaipur, Gujarat",13-09-2022,09-08-2023
Vikram Verma,Enterprise Limited,7403917247,vikramverma824@gmail.com,"59 Sarat Bose Road, HSR Layout, Surat, Andhra Pradesh",21-03-2024,14-02-2025
Aditya Verma,Systems Partners,6053443811,adityaverma929@gmail.com,"39 Tilak Road, Bandra, Delhi, Uttar Pradesh",26-12-2021,21-11-2022
Aditya Kumar,Future Industries,5145653559,adityakumar171@gmail.com,"36 Park Street, HSR Layout, Pune, Madhya Pradesh",21-05-2024,16-04-2025
Krishna Verma,Systems Enterprise,3546256457,krishnaverma447@gmail.com,"39 Main Road, Indiranagar, Bangalore, Telangana",20-04-2023,15-03-2024
Vikram Mishra,Innovative Partners,1679020767,vikrammishra314@gmail.com,"39 Tilak Road, Indiranagar, Surat, Andhra Pradesh",23-12-2022,18-11-2023
Arjun Verma,Enterprise Technologies,3383621681,arjunverma790@gmail.com,"95 MG Road, Bandra, Surat, Maharashtra",26-07-2022,21-06-2023
Aditya Verma,Corp Consulting,9894332578,adityaverma614@gmail.com,"63 Main Road, Koramangala, Ahmedabad, Gujarat",19-12-2023,13-11-2024
Aditya Sharma,Creative Services,1721855267,adityasharma903@gmail.com,"38 Main Road, Indiranagar, Chennai, Uttar Pradesh",22-06-2024,18-05-2025
Aditya Nadar,Creative Partners,6354946520,adityanadar850@gmail.com,"35 Sarat Bose Road, Koramangala, Chennai, West Bengal",10-09-2022,06-08-2023
Aditya Singh,Future Group,8118096157,adityasingh763@gmail.com,"18 Park Street, Koramangala, Mumbai, Uttar Pradesh",27-12-2023,21-11-2024
Krishna Verma,Group Partners,5188624234,krishnaverma408@gmail.com,"19 Sarat Bose Road, HSR Layout, Pune, West Bengal",16-07-2024,11-06-2025
Arjun Pichai,Limited Limited,2427851864,arjunpichai568@gmail.com,"14 MG Road, Andheri, Surat, Karnataka",21-08-2023,16-07-2024
Veer Kapoor,Systems Industries,4518338570,veerkapoor617@gmail.com,"82 Sarat Bose Road, HSR Layout, Pune, Uttar Pradesh",04-07-2022,30-05-2023
Veer Sharma,International Industries,9796834641,veersharma318@gmail.com,"40 Sarat Bose Road, HSR Layout, Surat, Telangana",20-04-2022,16-03-2023
Raj Kapoor,Group Industries,4158523170,rajkapoor940@gmail.com,"21 Main Road, Bandra, Delhi, Maharashtra",07-09-2024,03-08-2025
Vikram Verma,Inc Enterprise,4302200871,vikramverma923@gmail.com,"65 Park Street, HSR Layout, Mumbai, Maharashtra",26-11-2023,21-10-2024
Aditya Verma,Limited Technologies,5319887180,adityaverma722@gmail.com,"60 Main Road, Bandra, Bangalore, Gujarat",06-09-2024,02-08-2025
Aditya Kumar,International Corporation,2291038300,adityakumar242@gmail.com,"16 Park Street, Koramangala, Bangalore, Uttar Pradesh",23-04-2022,19-03-2023
Vikram Mishra,Solutions Solutions,8191485444,vikrammishra693@gmail.com,"10 MG Road, Bandra, Mumbai, Madhya Pradesh",14-01-2022,10-12-2022
Veer Kumar,International Solutions,6857316209,veerkumar228@gmail.com,"96 Tilak Road, Bandra, Surat, Gujarat",13-03-2022,06-02-2023
Arjun Verma,Digital Enterprise,7559812799,arjunverma584@gmail.com,"46 MG Road, Andheri, Delhi, Telangana",31-01-2023,27-12-2023
Veer Singh,Inc Services,2576662206,veersingh879@gmail.com,"70 MG Road, Indiranagar, Surat, Bihar",02-05-2024,28-03-2025
Vikram Sharma,Systems Group,8634308047,vikramsharma286@gmail.com,"21 Sarat Bose Road, Bandra, Delhi, Bihar",06-08-2024,02-07-2025
Veer Sharma,Systems Consulting,6005558055,veersharma800@gmail.com,"51 Park Street, Bandra, Mumbai, Madhya Pradesh",25-09-2023,20-08-2024
Arjun Nadar,Limited Services,4852389004,arjunnadar135@gmail.com,"48 Sarat Bose Road, Koramangala, Bangalore, Uttar Pradesh",19-01-2022,15-12-2022
Krishna Kumar,Smart Partners,4234353590,krishnakumar713@gmail.com,"76 Sarat Bose Road, Bandra, Hyderabad, Uttar Pradesh",27-12-2022,22-11-2023
Krishna Sharma,International Solutions,9694750872,krishnasharma399@gmail.com,"10 MG Road, Koramangala, Bangalore, Gujarat",04-08-2024,30-06-2025
Arjun Mishra,Group Solutions,6036465143,arjunmishra138@gmail.com,"53 Park Street, Andheri, Chennai, Uttar Pradesh",07-03-2023,31-01-2024
Arjun Pichai,Future Solutions,1369341256,arjunpichai478@gmail.com,"94 Park Street, HSR Layout, Jaipur, Gujarat",16-11-2024,12-10-2025
Raj Verma,Innovative Services,1888747636,rajverma240@gmail.com,"31 MG Road, HSR Layout, Kolkata, Andhra Pradesh",27-02-2024,22-01-2025
Krishna Verma,Group Industries,5191238141,krishnaverma634@gmail.com,"2 Main Road, Bandra, Chennai, Telangana",16-12-2021,11-11-2022
Vikram Kapoor,Innovative Limited,5628901522,vikramkapoor366@gmail.com,"7 MG Road, Andheri, Pune, Karnataka",14-05-2022,09-04-2023
Arjun Singh,Solutions Limited,1949908391,arjunsingh309@gmail.com,"7 Sarat Bose Road, Koramangala, Kolkata, Gujarat",26-01-2024,21-12-2024
Krishna Kumar,Smart Partners,6564727969,krishnakumar388@gmail.com,"19 Main Road, Andheri, Bangalore, Bihar",25-11-2023,20-10-2024
Veer Kapoor,Future Enterprise,3183792879,veerkapoor657@gmail.com,"46 Main Road, HSR Layout, Mumbai, Maharashtra",15-05-2024,10-04-2025
Vikram Pichai,Smart Group,5683437552,vikrampichai824@gmail.com,"20 Sarat Bose Road, Koramangala, Surat, Tamil Nadu",15-06-2023,10-05-2024
Arjun Verma,Group Limited,8841115203,arjunverma963@gmail.com,"92 Tilak Road, Bandra, Hyderabad, Andhra Pradesh",23-07-2024,18-06-2025
Vikram Kapoor,Solutions Limited,7323808168,vikramkapoor660@gmail.com,"76 Sarat Bose Road, Indiranagar, Surat, Karnataka",20-04-2022,16-03-2023
Raj Kumar,Group Consulting,2806860080,rajkumar641@gmail.com,"46 MG Road, Indiranagar, Pune, Bihar",27-05-2023,21-04-2024
Raj Kapoor,International Services,3317799414,rajkapoor922@gmail.com,"45 Tilak Road, Indiranagar, Pune, West Bengal",09-07-2022,04-06-2023
Veer Pichai,Creative Corporation,3298518067,veerpichai570@gmail.com,"1 Park Street, Andheri, Hyderabad, Andhra Pradesh",24-06-2022,20-05-2023
Arjun Singh,Digital Technologies,8748575285,arjunsingh824@gmail.com,"87 Tilak Road, HSR Layout, Jaipur, West Bengal",01-11-2022,27-09-2023
Veer Singh,Future Corporation,6404564653,veersingh324@gmail.com,"13 Tilak Road, HSR Layout, Mumbai, Telangana",25-07-2023,19-06-2024
Veer Kapoor,Group Corporation,8255008302,veerkapoor809@gmail.com,"92 Sarat Bose Road, Koramangala, Jaipur, Gujarat",14-05-2024,09-04-2025
Krishna Verma,Innovative Services,5654884018,krishnaverma411@gmail.com,"67 Tilak Road, Indiranagar, Pune, Andhra Pradesh",23-06-2023,18-05-2024
Vikram Kumar,Global Technologies,6661010005,vikramkumar439@gmail.com,"34 Tilak Road, HSR Layout, Ahmedabad, Karnataka",11-03-2023,04-02-2024
Raj Verma,Tech Technologies,6773638589,rajverma805@gmail.com,"58 Tilak Road, Indiranagar, Pune, Karnataka",27-12-2022,22-11-2023
Vikram Sharma,Group Services,7611131488,vikramsharma900@gmail.com,"75 Park Street, Koramangala, Jaipur, Bihar",18-03-2024,11-02-2025
Aditya Verma,Smart Technologies,5574598798,adityaverma112@gmail.com,"29 Tilak Road, Koramangala, Kolkata, Bihar",04-06-2022,30-04-2023
Raj Kumar,Inc Industries,4585510227,rajkumar732@gmail.com,"79 Park Street, Andheri, Kolkata, Tamil Nadu",29-02-2024,24-01-2025
Vikram Singh,Corp Group,3926917144,vikramsingh805@gmail.com,"74 Park Street, Andheri, Chennai, Gujarat",07-02-2022,03-01-2023
Krishna Nadar,Enterprise Corporation,3975927526,krishnanadar996@gmail.com,"76 MG Road, HSR Layout, Kolkata, West Bengal",03-10-2023,28-08-2024
Arjun Pichai,Limited Partners,7561960779,arjunpichai612@gmail.com,"31 Sarat Bose Road, HSR Layout, Delhi, Maharashtra",03-05-2022,29-03-2023
Krishna Pichai,Creative Industries,7805662202,krishnapichai115@gmail.com,"75 Tilak Road, Koramangala, Mumbai, Telangana",02-09-2022,29-07-2023
Raj Kapoor,Innovative Services,3883019146,rajkapoor201@gmail.com,"84 MG Road, Koramangala, Pune, Telangana",12-04-2022,08-03-2023
Raj Verma,International Enterprise,1192274514,rajverma366@gmail.com,"48 Main Road, Bandra, Chennai, Karnataka",26-05-2022,21-04-2023
Raj Singh,Solutions Group,4943491818,rajsingh411@gmail.com,"77 Tilak Road, Bandra, Ahmedabad, Telangana",28-04-2023,23-03-2024
Raj Singh,International Solutions,3507931607,rajsingh399@gmail.com,"96 Tilak Road, Bandra, Chennai, Telangana",16-02-2024,11-01-2025
Aditya Pichai,International Limited,7026915883,adityapichai230@gmail.com,"7 MG Road, HSR Layout, Hyderabad, Uttar Pradesh",18-11-2024,14-10-2025
Vikram Kumar,Creative Corporation,9733251062,vikramkumar336@gmail.com,"73 MG Road, Koramangala, Chennai, Uttar Pradesh",03-04-2022,27-02-2023
Raj Kumar,Corp Industries,5218996410,rajkumar246@gmail.com,"21 Main Road, Indiranagar, Jaipur, Telangana",19-02-2024,14-01-2025
Veer Singh,Smart Industries,9115372787,veersingh636@gmail.com,"28 Park Street, HSR Layout, Kolkata, West Bengal",28-02-2024,23-01-2025
Aditya Nadar,Solutions Corporation,9367260442,adityanadar805@gmail.com,"96 Park Street, Koramangala, Jaipur, Tamil Nadu",24-09-2024,20-08-2025
Aditya Kumar,Future Limited,2773552008,adityakumar303@gmail.com,"97 Sarat Bose Road, HSR Layout, Jaipur, Uttar Pradesh",02-10-2024,28-08-2025
Vikram Nadar,Solutions Limited,3208145874,vikramnadar514@gmail.com,"61 MG Road, Indiranagar, Pune, Madhya Pradesh",01-02-2024,27-12-2024
Veer Sharma,Inc Services,7618648614,veersharma977@gmail.com,"32 Park Street, Koramangala, Surat, Gujarat",21-01-2022,17-12-2022
Aditya Singh,Systems Technologies,5843809638,adityasingh311@gmail.com,"73 Main Road, Bandra, Bangalore, Uttar Pradesh",18-06-2023,13-05-2024
Aditya Verma,Creative Limited,2301840514,adityaverma646@gmail.com,"61 Tilak Road, Andheri, Surat, Maharashtra",01-05-2022,27-03-2023
Aditya Sharma,Group Group,4814820375,adityasharma232@gmail.com,"27 MG Road, Andheri, Kolkata, Madhya Pradesh",27-05-2022,22-04-2023
Arjun Kapoor,Limited Industries,4144556096,arjunkapoor432@gmail.com,"3 Park Street, Koramangala, Delhi, Karnataka",31-05-2023,25-04-2024
Aditya Pichai,Smart Technologies,3793960063,adityapichai117@gmail.com,"73 Park Street, Bandra, Bangalore, Tamil Nadu",01-11-2024,27-09-2025
Arjun Pichai,Tech Partners,7117007073,arjunpichai970@gmail.com,"67 Tilak Road, HSR Layout, Kolkata, Gujarat",25-07-2022,20-06-2023
Vikram Nadar,Enterprise Consulting,9316144297,vikramnadar539@gmail.com,"92 Sarat Bose Road, Andheri, Bangalore, Karnataka",22-01-2023,18-12-2023
Veer Pichai,Limited Consulting,6291932593,veerpichai885@gmail.com,"68 Main Road, Bandra, Ahmedabad, Madhya Pradesh",27-04-2023,22-03-2024
Aditya Sharma,Systems Group,5839720541,adityasharma131@gmail.com,"100 MG Road, Koramangala, Delhi, West Bengal",10-01-2024,05-12-2024
Veer Nadar,Digital Services,9034919320,veernadar416@gmail.com,"85 Main Road, Indiranagar, Chennai, Uttar Pradesh",28-03-2024,21-02-2025
Raj Pichai,Global Technologies,5697634593,rajpichai706@gmail.com,"56 MG Road, HSR Layout, Jaipur, Maharashtra",12-05-2022,07-04-2023
Vikram Mishra,Future Group,1776123212,vikrammishra981@gmail.com,"82 MG Road, Indiranagar, Kolkata, Andhra Pradesh",30-04-2022,26-03-2023
Krishna Verma,Enterprise Services,9094751286,krishnaverma874@gmail.com,"72 Sarat Bose Road, Bandra, Hyderabad, Bihar",29-02-2024,24-01-2025
Raj Verma,Tech Industries,3935170572,rajverma893@gmail.com,"38 Sarat Bose Road, Bandra, Bangalore, Tamil Nadu",12-01-2022,08-12-2022
Krishna Mishra,Digital Technologies,1295637700,krishnamishra661@gmail.com,"77 Tilak Road, Bandra, Chennai, Telangana",29-12-2021,24-11-2022
Veer Sharma,Corp Consulting,8591345625,veersharma365@gmail.com,"60 MG Road, HSR Layout, Mumbai, Gujarat",13-12-2022,08-11-2023
Arjun Sharma,Corp Services,3549019521,arjunsharma420@gmail.com,"75 MG Road, Andheri, Chennai, Karnataka",09-10-2023,03-09-2024
Aditya Singh,Group Limited,1154076445,adityasingh679@gmail.com,"86 MG Road, HSR Layout, Mumbai, Uttar Pradesh",09-03-2024,02-02-2025
Raj Nadar,Systems Corporation,8977707686,rajnadar515@gmail.com,"94 Tilak Road, HSR Layout, Hyderabad, Bihar",04-11-2022,30-09-2023
Aditya Verma,Innovative Technologies,8707548392,adityaverma494@gmail.com,"24 Main Road, Andheri, Mumbai, Uttar Pradesh",01-10-2022,27-08-2023
Vikram Pichai,Solutions Group,9786671003,vikrampichai646@gmail.com,"21 MG Road, HSR Layout, Bangalore, Bihar",15-02-2024,10-01-2025
Veer Mishra,Tech Enterprise,4451973976,veermishra294@gmail.com,"45 Tilak Road, Bandra, Surat, Telangana",16-06-2024,12-05-2025
Vikram Singh,Global Limited,4229813414,vikramsingh681@gmail.com,"98 Park Street, Bandra, Surat, Maharashtra",01-09-2022,28-07-2023
Aditya Kumar,Future Limited,6644873418,adityakumar600@gmail.com,"29 Sarat Bose Road, Koramangala, Kolkata, Uttar Pradesh",13-05-2024,08-04-2025
Raj Pichai,Inc Industries,8343220739,rajpichai222@gmail.com,"23 Sarat Bose Road, HSR Layout, Mumbai, Andhra Pradesh",27-08-2024,23-07-2025
Vikram Kapoor,Digital Solutions,9657435529,vikramkapoor349@gmail.com,"97 Main Road, Andheri, Bangalore, Madhya Pradesh",14-07-2023,08-06-2024
Krishna Pichai,Inc Solutions,2776360657,krishnapichai508@gmail.com,"61 Park Street, Koramangala, Hyderabad, Tamil Nadu",02-05-2023,27-03-2024
Krishna Pichai,Global Solutions,2487823674,krishnapichai185@gmail.com,"62 Tilak Road, HSR Layout, Mumbai, Karnataka",15-11-2024,11-10-2025
Veer Sharma,Innovative Limited,1071364994,veersharma260@gmail.com,"66 Tilak Road, Koramangala, Chennai, Maharashtra",24-10-2024,19-09-2025
Aditya Singh,Creative Partners,8875929293,adityasingh595@gmail.com,"56 Tilak Road, Indiranagar, Mumbai, West Bengal",17-12-2022,12-11-2023
Aditya Kapoor,Systems Group,8242315733,adityakapoor302@gmail.com,"32 MG Road, Bandra, Ahmedabad, West Bengal",08-05-2022,03-04-2023
Vikram Singh,Tech Solutions,3342456430,vikramsingh242@gmail.com,"24 Sarat Bose Road, Koramangala, Hyderabad, Telangana",24-03-2024,17-02-2025
Krishna Sharma,Limited Group,1855336161,krishnasharma678@gmail.com,"39 Tilak Road, Indiranagar, Delhi, Karnataka",30-08-2022,26-07-2023
Raj Pichai,Digital Solutions,8446317968,rajpichai896@gmail.com,"56 MG Road, Koramangala, Mumbai, Bihar",31-12-2021,26-11-2022
Arjun Pichai,Tech Consulting,2807381448,arjunpichai682@gmail.com,"69 Sarat Bose Road, Bandra, Hyderabad, Bihar",14-01-2023,10-12-2023
Aditya Kapoor,Group Technologies,6902983874,adityakapoor920@gmail.com,"9 MG Road, Indiranagar, Surat, Bihar",02-08-2024,28-06-2025
Arjun Nadar,Corp Consulting,7582436107,arjunnadar261@gmail.com,"64 Main Road, Andheri, Ahmedabad, Tamil Nadu",07-11-2022,03-10-2023
Arjun Kapoor,Future Group,1801413335,arjunkapoor468@gmail.com,"84 Park Street, Koramangala, Hyderabad, Madhya Pradesh",27-07-2024,22-06-2025
Aditya Mishra,Innovative Industries,5191390986,adityamishra724@gmail.com,"90 Tilak Road, Koramangala, Bangalore, Telangana",07-03-2024,31-01-2025
Aditya Pichai,Digital Enterprise,9166847767,adityapichai210@gmail.com,"2 MG Road, Andheri, Pune, Andhra Pradesh",13-05-2024,08-04-2025
Arjun Kapoor,Creative Group,6594347536,arjunkapoor130@gmail.com,"72 Sarat Bose Road, HSR Layout, Ahmedabad, Karnataka",12-08-2023,07-07-2024
Aditya Nadar,Corp Services,7881607162,adityanadar341@gmail.com,"34 Park Street, Andheri, Kolkata, Maharashtra",06-04-2024,02-03-2025
Veer Sharma,Enterprise Consulting,2646141232,veersharma237@gmail.com,"26 MG Road, Andheri, Hyderabad, Bihar",20-01-2023,16-12-2023
Raj Kumar,Systems Group,6984621777,rajkumar218@gmail.com,"70 Main Road, Bandra, Pune, Telangana",09-09-2023,04-08-2024
Veer Sharma,Innovative Partners,5722312063,veersharma250@gmail.com,"11 Sarat Bose Road, Koramangala, Chennai, Madhya Pradesh",30-10-2024,25-09-2025
Raj Kumar,International Group,2431610245,rajkumar549@gmail.com,"26 Main Road, Indiranagar, Kolkata, Tamil Nadu",21-07-2022,16-06-2023
Krishna Verma,International Enterprise,2648684724,krishnaverma831@gmail.com,"37 MG Road, Andheri, Surat, Madhya Pradesh",06-09-2024,02-08-2025
Krishna Verma,Future Services,3315008836,krishnaverma497@gmail.com,"44 Main Road, HSR Layout, Bangalore, Telangana",01-03-2023,25-01-2024
Raj Singh,Systems Enterprise,1598964220,rajsingh354@gmail.com,"68 Tilak Road, Andheri, Mumbai, Uttar Pradesh",01-05-2024,27-03-2025
Vikram Kapoor,Future Group,5171651531,vikramkapoor312@gmail.com,"87 Park Street, HSR Layout, Mumbai, Gujarat",31-01-2024,26-12-2024
Vikram Verma,Limited Corporation,9759464655,vikramverma372@gmail.com,"99 Park Street, Koramangala, Surat, Maharashtra",13-10-2022,08-09-2023
Krishna Kumar,Inc Partners,4962524108,krishnakumar494@gmail.com,"77 Sarat Bose Road, Indiranagar, Ahmedabad, Karnataka",01-09-2024,28-07-2025
Aditya Nadar,Group Services,9592569060,adityanadar677@gmail.com,"26 Park Street, Bandra, Kolkata, Maharashtra",24-08-2022,20-07-2023
Raj Mishra,Future Group,7812260954,rajmishra421@gmail.com,"34 MG Road, HSR Layout, Bangalore, Andhra Pradesh",11-12-2022,06-11-2023
Arjun Verma,Limited Corporation,5267373614,arjunverma517@gmail.com,"94 Park Street, Koramangala, Ahmedabad, West Bengal",31-07-2024,26-06-2025
Aditya Kapoor,Creative Services,8186393106,adityakapoor410@gmail.com,"73 MG Road, Indiranagar, Kolkata, Bihar",23-10-2023,17-09-2024
Raj Kapoor,Group Enterprise,7879501067,rajkapoor253@gmail.com,"73 Park Street, Indiranagar, Surat, Uttar Pradesh",10-06-2024,06-05-2025
Raj Kumar,Systems Group,3086464421,rajkumar403@gmail.com,"3 Tilak Road, Indiranagar, Chennai, Tamil Nadu",29-05-2023,23-04-2024
Vikram Sharma,Creative Services,8344536256,vikramsharma693@gmail.com,"24 MG Road, Bandra, Ahmedabad, Karnataka",21-07-2024,16-06-2025
Aditya Kapoor,International Technologies,5088258422,adityakapoor946@gmail.com,"63 MG Road, HSR Layout, Jaipur, Madhya Pradesh",04-10-2023,29-08-2024
Arjun Kapoor,Smart Consulting,7674408570,arjunkapoor680@gmail.com,"83 MG Road, Koramangala, Surat, Maharashtra",09-06-2023,04-05-2024
Raj Sharma,Tech Partners,4752401482,rajsharma917@gmail.com,"83 Park Street, Bandra, Mumbai, Telangana",09-09-2023,04-08-2024
Arjun Singh,Global Consulting,5661437492,arjunsingh492@gmail.com,"7 Park Street, Andheri, Delhi, Telangana",15-08-2023,10-07-2024
Vikram Nadar,Innovative Group,4068210079,vikramnadar989@gmail.com,"62 Sarat Bose Road, Indiranagar, Mumbai, Andhra Pradesh",10-03-2024,03-02-2025
Krishna Nadar,Enterprise Group,5394691157,krishnanadar430@gmail.com,"62 Sarat Bose Road, Bandra, Surat, Telangana",08-09-2023,03-08-2024
Aditya Pichai,Group Corporation,5745478417,adityapichai988@gmail.com,"74 Park Street, Koramangala, Bangalore, Tamil Nadu",22-01-2024,17-12-2024
Raj Kapoor,Creative Limited,5884764330,rajkapoor454@gmail.com,"97 Sarat Bose Road, HSR Layout, Chennai, Gujarat",14-10-2024,09-09-2025
Raj Kapoor,Creative Industries,2913308670,rajkapoor938@gmail.com,"10 Park Street, Koramangala, Mumbai, West Bengal",21-01-2022,17-12-2022
Raj Singh,Enterprise Services,6543579398,rajsingh307@gmail.com,"57 Sarat Bose Road, Indiranagar, Mumbai, Uttar Pradesh",17-08-2023,12-07-2024
Krishna Sharma,Innovative Enterprise,5764294041,krishnasharma985@gmail.com,"3 Main Road, Indiranagar, Jaipur, Tamil Nadu",31-12-2022,26-11-2023
Vikram Mishra,Smart Limited,8507549836,vikrammishra849@gmail.com,"4 Tilak Road, Indiranagar, Mumbai, Maharashtra",05-02-2023,01-01-2024
Veer Kumar,Innovative Industries,1821192396,veerkumar858@gmail.com,"57 Park Street, Koramangala, Chennai, Uttar Pradesh",28-02-2023,24-01-2024
Vikram Kumar,Digital Solutions,7568095343,vikramkumar247@gmail.com,"25 Park Street, Bandra, Bangalore, Uttar Pradesh",03-09-2022,30-07-2023
Krishna Verma,Corp Partners,7148579186,krishnaverma382@gmail.com,"47 Main Road, Bandra, Pune, Gujarat",16-09-2024,12-08-2025
Aditya Verma,Enterprise Industries,3751817353,adityaverma491@gmail.com,"44 Main Road, Indiranagar, Bangalore, West Bengal",05-04-2022,01-03-2023
Aditya Sharma,Limited Limited,2423316163,adityasharma431@gmail.com,"100 Sarat Bose Road, Koramangala, Mumbai, Karnataka",16-05-2024,11-04-2025
Arjun Sharma,Solutions Services,5745213838,arjunsharma419@gmail.com,"20 Tilak Road, Koramangala, Bangalore, Telangana",02-09-2024,29-07-2025
Vikram Kumar,Systems Technologies,9061237847,vikramkumar925@gmail.com,"65 Tilak Road, Indiranagar, Jaipur, Gujarat",25-08-2024,21-07-2025
Raj Kapoor,Smart Partners,8009482347,rajkapoor630@gmail.com,"7 Park Street, Bandra, Pune, Tamil Nadu",12-05-2024,07-04-2025
Vikram Kapoor,Solutions Enterprise,6356145845,vikramkapoor582@gmail.com,"92 MG Road, Indiranagar, Hyderabad, Madhya Pradesh",28-08-2023,23-07-2024
Krishna Pichai,Solutions Group,1364645078,krishnapichai619@gmail.com,"55 MG Road, Bandra, Pune, Karnataka",22-09-2022,18-08-2023
Vikram Nadar,Group Consulting,7804026398,vikramnadar667@gmail.com,"63 Tilak Road, Indiranagar, Mumbai, Maharashtra",26-10-2023,20-09-2024
Raj Kumar,Systems Partners,4517144958,rajkumar701@gmail.com,"56 Tilak Road, Andheri, Pune, Telangana",24-01-2022,20-12-2022
Veer Kumar,Digital Technologies,8211402572,veerkumar283@gmail.com,"77 Main Road, HSR Layout, Kolkata, Karnataka",12-01-2024,07-12-2024
Raj Sharma,Innovative Partners,6279952318,rajsharma591@gmail.com,"96 Sarat Bose Road, HSR Layout, Kolkata, Karnataka",08-04-2024,04-03-2025
Veer Sharma,International Consulting,2841790476,veersharma721@gmail.com,"31 Sarat Bose Road, Andheri, Surat, Andhra Pradesh",29-01-2022,25-12-2022
Veer Kapoor,Group Services,5229974804,veerkapoor449@gmail.com,"67 Park Street, Bandra, Jaipur, West Bengal",16-09-2023,11-08-2024
Krishna Verma,Solutions Consulting,3321126141,krishnaverma376@gmail.com,"46 Tilak Road, Andheri, Surat, Telangana",18-04-2023,13-03-2024
Aditya Sharma,Limited Limited,3432425701,adityasharma782@gmail.com,"80 Sarat Bose Road, Andheri, Mumbai, Andhra Pradesh",25-02-2023,21-01-2024
Krishna Pichai,Enterprise Industries,3906323072,krishnapichai961@gmail.com,"17 Tilak Road, HSR Layout, Pune, Uttar Pradesh",18-07-2024,13-06-2025
Krishna Singh,Inc Solutions,6309939001,krishnasingh103@gmail.com,"80 Sarat Bose Road, Bandra, Ahmedabad, Andhra Pradesh",16-04-2023,11-03-2024
Arjun Verma,Creative Industries,2092089446,arjunverma840@gmail.com,"89 Tilak Road, HSR Layout, Pune, Gujarat",08-12-2021,03-11-2022
Veer Sharma,Global Technologies,9701053800,veersharma633@gmail.com,"3 Tilak Road, Indiranagar, Delhi, Uttar Pradesh",26-06-2023,21-05-2024
Veer Kumar,Inc Group,9299385641,veerkumar452@gmail.com,"93 MG Road, Koramangala, Bangalore, Gujarat",12-09-2024,08-08-2025
Raj Verma,Inc Services,1698903614,rajverma499@gmail.com,"91 Sarat Bose Road, Indiranagar, Jaipur, West Bengal",15-11-2022,11-10-2023
Aditya Pichai,Digital Limited,8914972794,adityapichai490@gmail.com,"12 Park Street, HSR Layout, Mumbai, Telangana",27-06-2024,23-05-2025
Krishna Verma,International Technologies,2811266982,krishnaverma614@gmail.com,"60 MG Road, HSR Layout, Kolkata, Karnataka",22-04-2024,18-03-2025
Aditya Mishra,Enterprise Corporation,2115770973,adityamishra192@gmail.com,"44 Park Street, Bandra, Ahmedabad, Telangana",26-01-2022,22-12-2022
Aditya Verma,Tech Partners,5753353243,adityaverma552@gmail.com,"73 Sarat Bose Road, Andheri, Jaipur, Uttar Pradesh",20-03-2024,13-02-2025
Aditya Kumar,Group Limited,5106055255,adityakumar615@gmail.com,"41 Tilak Road, Bandra, Chennai, Bihar",28-09-2022,24-08-2023
Arjun Kumar,Innovative Consulting,7428814425,arjunkumar123@gmail.com,"22 Park Street, HSR Layout, Mumbai, Bihar",16-04-2024,12-03-2025
Raj Kapoor,Group Group,1485263718,rajkapoor714@gmail.com,"92 Tilak Road, Andheri, Jaipur, Telangana",12-12-2021,07-11-2022
Arjun Verma,Limited Solutions,6602620597,arjunverma189@gmail.com,"44 MG Road, Bandra, Hyderabad, Gujarat",19-10-2023,13-09-2024
Vikram Nadar,Corp Corporation,7031151374,vikramnadar408@gmail.com,"17 Sarat Bose Road, Indiranagar, Surat, Telangana",03-12-2022,29-10-2023
