Name,Company,Phone,Email,Address,Start Date,Renewal Date
Vikram Nadar,Group Technologies,9185338623,vikramnadar794@gmail.com,"99 MG Road, Koramangala, Delhi, Telangana",2024-10-10,2025-09-05
Arjun Kapoor,Group Solutions,2811483237,arjunkapoor169@gmail.com,"29 Main Road, Koramangala, Jaipur, Tamil Nadu",2022-12-09,2023-11-04
Vikram Kumar,Systems Services,9349971805,vikramkumar188@gmail.com,"21 Sarat Bose Road, Andheri, Kolkata, Maharashtra",2024-06-08,2025-05-04
Raj Kapoor,Global Technologies,5377489668,rajkapoor578@gmail.com,"44 Park Street, Koramangala, Surat, Andhra Pradesh",2022-07-20,2023-06-15
Arjun Kumar,Solutions Group,6643819362,arjunkumar878@gmail.com,"49 Park Street, Indiranagar, Pune, West Bengal",2022-10-06,2023-09-01
Aditya Nadar,Solutions Technologies,2776705768,adityanadar640@gmail.com,"69 Tilak Road, Koramangala, Delhi, Bihar",2024-10-06,2025-09-01
Krishna Pichai,Systems Solutions,2185445641,krishnapichai967@gmail.com,"28 Park Street, HSR Layout, Ahmedabad, Gujarat",2022-01-05,2022-12-01
Veer Mishra,International Limited,6462592585,veermishra923@gmail.com,"34 Park Street, Andheri, Delhi, Madhya Pradesh",2024-09-20,2025-08-16
Aditya Kumar,Group Group,5763552754,adityakumar106@gmail.com,"10 Main Road, Indiranagar, Pune, West Bengal",2024-02-03,2024-12-29
Veer Kapoor,Group Group,8421490690,veerkapoor588@gmail.com,"76 Main Road, Andheri, Hyderabad, Uttar Pradesh",2022-06-09,2023-05-05
Vikram Nadar,Future Enterprise,6305883770,vikramnadar279@gmail.com,"61 Tilak Road, Indiranagar, Surat, Andhra Pradesh",2024-07-23,2025-06-18
Vikram Mishra,Solutions Partners,3828303336,vikrammishra944@gmail.com,"57 Main Road, Koramangala, Hyderabad, Karnataka",2023-09-03,2024-07-29
Raj Mishra,Digital Corporation,6743021917,rajmishra556@gmail.com,"66 Sarat Bose Road, Indiranagar, Bangalore, Andhra Pradesh",2022-07-17,2023-06-12
Krishna Nadar,Future Consulting,5427151072,krishnanadar418@gmail.com,"87 Tilak Road, Koramangala, Bangalore, Tamil Nadu",2022-09-10,2023-08-06
Vikram Singh,Limited Services,3096862714,vikramsingh629@gmail.com,"13 Sarat Bose Road, Koramangala, Delhi, Telangana",2023-12-21,2024-11-15
Raj Verma,Digital Group,8294643529,rajverma246@gmail.com,"43 Park Street, HSR Layout, Bangalore, Maharashtra",2023-02-25,2024-01-21
Veer Pichai,Enterprise Enterprise,4692587186,veerpichai774@gmail.com,"22 Main Road, Koramangala, Delhi, Telangana",2023-12-21,2024-11-15
Krishna Kumar,Future Enterprise,5809186849,krishnakumar221@gmail.com,"23 Sarat Bose Road, Andheri, Mumbai, Madhya Pradesh",2022-06-19,2023-05-15
Raj Singh,Global Industries,1791712003,rajsingh375@gmail.com,"52 Park Street, Bandra, Hyderabad, Tamil Nadu",2023-01-06,2023-12-02
Vikram Nadar,Corp Consulting,7534835807,vikramnadar555@gmail.com,"11 Tilak Road, Indiranagar, Bangalore, Madhya Pradesh",2024-10-28,2025-09-23
Aditya Mishra,Solutions Enterprise,9376457768,adityamishra558@gmail.com,"71 Park Street, HSR Layout, Ahmedabad, Gujarat",2024-06-17,2025-05-13
Aditya Pichai,Global Solutions,2021593230,adityapichai645@gmail.com,"35 Sarat Bose Road, Andheri, Jaipur, West Bengal",2021-12-14,2022-11-09
Arjun Mishra,Enterprise Partners,3525984577,arjunmishra335@gmail.com,"95 Tilak Road, Andheri, Bangalore, Bihar",2023-04-05,2024-02-29
Veer Pichai,Tech Industries,9336180755,veerpichai603@gmail.com,"69 Park Street, HSR Layout, Chennai, Uttar Pradesh",2024-09-11,2025-08-07
Aditya Singh,Systems Enterprise,7624887447,adityasingh299@gmail.com,"30 Park Street, Koramangala, Jaipur, Gujarat",2021-12-17,2022-11-12
Veer Kapoor,Global Technologies,1297273976,veerkapoor241@gmail.com,"29 Main Road, Andheri, Delhi, Tamil Nadu",2024-07-02,2025-05-28
Vikram Sharma,International Solutions,5055749225,vikramsharma725@gmail.com,"74 Main Road, Andheri, Surat, West Bengal",2023-03-23,2024-02-16
Aditya Pichai,Tech Group,7274442198,adityapichai969@gmail.com,"34 Park Street, Bandra, Pune, Tamil Nadu",2024-08-31,2025-07-27
Raj Kumar,Group Consulting,6843658118,rajkumar229@gmail.com,"42 Park Street, HSR Layout, Surat, Telangana",2022-01-14,2022-12-10
Vikram Kumar,Inc Consulting,7478821322,vikramkumar578@gmail.com,"73 Sarat Bose Road, HSR Layout, Pune, Telangana",2023-10-07,2024-09-01
Krishna Sharma,Systems Partners,9949280437,krishnasharma947@gmail.com,"57 Main Road, Andheri, Hyderabad, Tamil Nadu",2023-08-27,2024-07-22
Vikram Mishra,Innovative Enterprise,2447984688,vikrammishra528@gmail.com,"41 Main Road, Koramangala, Pune, Madhya Pradesh",2023-10-21,2024-09-15
Aditya Singh,Solutions Consulting,9603365737,adityasingh506@gmail.com,"78 Sarat Bose Road, Andheri, Surat, Tamil Nadu",2023-08-23,2024-07-18
Krishna Mishra,Future Services,7816436358,krishnamishra571@gmail.com,"65 Tilak Road, HSR Layout, Bangalore, Uttar Pradesh",2024-11-12,2025-10-08
Krishna Mishra,International Solutions,1531682672,krishnamishra970@gmail.com,"90 Main Road, Indiranagar, Pune, Tamil Nadu",2024-03-21,2025-02-14
Raj Mishra,Smart Consulting,1109670918,rajmishra912@gmail.com,"27 MG Road, Andheri, Ahmedabad, West Bengal",2022-03-29,2023-02-22
Arjun Verma,Group Corporation,2627432348,arjunverma984@gmail.com,"76 Sarat Bose Road, Andheri, Kolkata, Karnataka",2024-08-10,2025-07-06
Arjun Sharma,Enterprise Services,2822617333,arjunsharma200@gmail.com,"68 Sarat Bose Road, Koramangala, Hyderabad, Uttar Pradesh",2023-08-24,2024-07-19
Aditya Nadar,Smart Industries,6214963057,adityanadar368@gmail.com,"82 Park Street, Indiranagar, Pune, Gujarat",2024-09-09,2025-08-05
Krishna Pichai,Limited Industries,6001124604,krishnapichai418@gmail.com,"7 Tilak Road, HSR Layout, Hyderabad, Uttar Pradesh",2022-12-27,2023-11-22
Arjun Singh,Creative Services,2329516055,arjunsingh366@gmail.com,"88 Sarat Bose Road, Andheri, Delhi, Gujarat",2023-08-01,2024-06-26
Arjun Sharma,Corp Services,5634699126,arjunsharma404@gmail.com,"84 Sarat Bose Road, Bandra, Kolkata, Telangana",2023-06-27,2024-05-22
Krishna Mishra,Smart Solutions,6948860610,krishnamishra510@gmail.com,"68 Main Road, Koramangala, Pune, Karnataka",2024-02-27,2025-01-22
Vikram Mishra,Smart Limited,2845936308,vikrammishra651@gmail.com,"78 Main Road, Bandra, Hyderabad, Telangana",2024-06-25,2025-05-21
Vikram Sharma,Smart Enterprise,9468229742,vikramsharma759@gmail.com,"22 Tilak Road, HSR Layout, Surat, West Bengal",2022-02-04,2022-12-31
Aditya Pichai,Solutions Limited,7495306841,adityapichai671@gmail.com,"12 Sarat Bose Road, HSR Layout, Pune, Madhya Pradesh",2022-09-21,2023-08-17
Krishna Kumar,Solutions Consulting,3111001989,krishnakumar156@gmail.com,"9 MG Road, Koramangala, Ahmedabad, Bihar",2022-10-15,2023-09-10
Arjun Nadar,Enterprise Services,5019383309,arjunnadar123@gmail.com,"68 Sarat Bose Road, HSR Layout, Pune, Maharashtra",2024-01-26,2024-12-21
Aditya Nadar,Limited Technologies,3444505655,adityanadar602@gmail.com,"35 Park Street, Koramangala, Hyderabad, Tamil Nadu",2023-06-06,2024-05-01
Aditya Kapoor,Innovative Corporation,9633226218,adityakapoor896@gmail.com,"10 Park Street, Koramangala, Jaipur, West Bengal",2023-06-07,2024-05-02
Krishna Mishra,Creative Consulting,5259400479,krishnamishra702@gmail.com,"66 Tilak Road, Koramangala, Jaipur, Bihar",2023-02-02,2023-12-29
Veer Kumar,Enterprise Technologies,6002937877,veerkumar980@gmail.com,"40 Main Road, HSR Layout, Hyderabad, Uttar Pradesh",2023-04-12,2024-03-07
Veer Mishra,Future Technologies,2895752433,veermishra992@gmail.com,"76 MG Road, Indiranagar, Surat, Tamil Nadu",2024-01-03,2024-11-28
Arjun Mishra,Corp Limited,5027731601,arjunmishra287@gmail.com,"45 Park Street, Andheri, Mumbai, Gujarat",2023-10-29,2024-09-23
Veer Sharma,Corp Partners,9493362984,veersharma863@gmail.com,"29 Main Road, Andheri, Kolkata, Maharashtra",2024-03-14,2025-02-07
Vikram Kapoor,Inc Technologies,2588140003,vikramkapoor382@gmail.com,"41 Main Road, Indiranagar, Kolkata, Tamil Nadu",2022-04-28,2023-03-24
Vikram Singh,Innovative Services,2959553802,vikramsingh376@gmail.com,"14 Park Street, HSR Layout, Bangalore, Telangana",2023-02-10,2024-01-06
Raj Nadar,Digital Services,7011133383,rajnadar305@gmail.com,"80 Sarat Bose Road, Indiranagar, Mumbai, Bihar",2023-03-14,2024-02-07
Aditya Verma,Enterprise Corporation,9471758478,adityaverma239@gmail.com,"57 Main Road, Andheri, Kolkata, West Bengal",2022-04-12,2023-03-08
Vikram Pichai,Tech Limited,9094728763,vikrampichai436@gmail.com,"69 Tilak Road, Indiranagar, Jaipur, Gujarat",2023-07-04,2024-05-29
Raj Kumar,Limited Enterprise,6418751076,rajkumar167@gmail.com,"2 Sarat Bose Road, Indiranagar, Pune, Maharashtra",2022-05-18,2023-04-13
Arjun Mishra,Solutions Services,5044560416,arjunmishra769@gmail.com,"5 Sarat Bose Road, Andheri, Chennai, Maharashtra",2022-02-04,2022-12-31
Raj Nadar,Limited Partners,8578792217,rajnadar483@gmail.com,"31 Sarat Bose Road, Koramangala, Hyderabad, Madhya Pradesh",2024-01-03,2024-11-28
Aditya Kumar,Group Group,1481746475,adityakumar122@gmail.com,"58 Sarat Bose Road, HSR Layout, Ahmedabad, Tamil Nadu",2022-12-02,2023-10-28
Vikram Singh,Global Group,1018834291,vikramsingh897@gmail.com,"22 Tilak Road, Bandra, Ahmedabad, Uttar Pradesh",2022-05-11,2023-04-06
Aditya Singh,Creative Group,2679124206,adityasingh239@gmail.com,"100 Sarat Bose Road, Bandra, Surat, Madhya Pradesh",2023-11-09,2024-10-04
Aditya Nadar,Group Consulting,3703849853,adityanadar113@gmail.com,"30 MG Road, Koramangala, Hyderabad, Gujarat",2022-08-10,2023-07-06
Raj Kapoor,Digital Services,3939905873,rajkapoor268@gmail.com,"23 Park Street, Bandra, Pune, Tamil Nadu",2022-06-15,2023-05-11
Aditya Nadar,Creative Partners,9699422295,adityanadar398@gmail.com,"87 MG Road, Andheri, Mumbai, Bihar",2022-01-29,2022-12-25
Veer Pichai,Smart Technologies,4896986157,veerpichai902@gmail.com,"41 Sarat Bose Road, HSR Layout, Ahmedabad, Andhra Pradesh",2023-02-28,2024-01-24
Krishna Singh,Innovative Solutions,3593630018,krishnasingh899@gmail.com,"4 Main Road, Andheri, Kolkata, Madhya Pradesh",2023-09-22,2024-08-17
Vikram Sharma,Tech Services,8077290676,vikramsharma992@gmail.com,"82 Main Road, Indiranagar, Jaipur, Maharashtra",2023-11-26,2024-10-21
Raj Nadar,Future Services,6692747179,rajnadar566@gmail.com,"86 Park Street, HSR Layout, Chennai, Uttar Pradesh",2022-01-07,2022-12-03
Vikram Pichai,Systems Services,4245665675,vikrampichai974@gmail.com,"45 MG Road, Indiranagar, Hyderabad, Madhya Pradesh",2023-05-08,2024-04-02
Krishna Pichai,Smart Partners,3518784850,krishnapichai379@gmail.com,"38 Park Street, Indiranagar, Bangalore, Telangana",2024-09-29,2025-08-25
Vikram Nadar,Innovative Group,1362349510,vikramnadar750@gmail.com,"20 MG Road, Indiranagar, Ahmedabad, Uttar Pradesh",2023-10-07,2024-09-01
Arjun Singh,Future Consulting,4537429013,arjunsingh998@gmail.com,"81 Tilak Road, Indiranagar, Delhi, Gujarat",2022-05-26,2023-04-21
Aditya Verma,Future Limited,6944889709,adityaverma825@gmail.com,"97 Park Street, Koramangala, Bangalore, Uttar Pradesh",2023-04-30,2024-03-25
Arjun Verma,Inc Group,9315976868,arjunverma664@gmail.com,"54 Main Road, HSR Layout, Pune, Madhya Pradesh",2024-04-24,2025-03-20
Vikram Nadar,Systems Consulting,7793867518,vikramnadar374@gmail.com,"97 Tilak Road, Indiranagar, Mumbai, West Bengal",2023-02-16,2024-01-12
Aditya Nadar,Innovative Technologies,2097650707,adityanadar467@gmail.com,"42 MG Road, Koramangala, Chennai, Uttar Pradesh",2024-05-19,2025-04-14
Aditya Nadar,Digital Technologies,2816288632,adityanadar257@gmail.com,"58 Sarat Bose Road, HSR Layout, Ahmedabad, Uttar Pradesh",2024-01-01,2024-11-26
Krishna Singh,Global Technologies,4913189170,krishnasingh826@gmail.com,"12 Park Street, Andheri, Kolkata, Madhya Pradesh",2022-05-19,2023-04-14
Arjun Nadar,International Group,4231191108,arjunnadar769@gmail.com,"66 Park Street, HSR Layout, Mumbai, Andhra Pradesh",2022-05-18,2023-04-13
Raj Kapoor,Enterprise Group,7074583540,rajkapoor488@gmail.com,"84 Sarat Bose Road, Indiranagar, Kolkata, Tamil Nadu",2023-07-26,2024-06-20
Krishna Mishra,International Group,6253085503,krishnamishra451@gmail.com,"32 Tilak Road, Bandra, Ahmedabad, Andhra Pradesh",2024-04-09,2025-03-05
Arjun Pichai,Global Enterprise,1872884972,arjunpichai571@gmail.com,"30 MG Road, Bandra, Jaipur, Bihar",2024-08-19,2025-07-15
Vikram Sharma,Global Services,9542265106,vikramsharma951@gmail.com,"21 Sarat Bose Road, Koramangala, Ahmedabad, Karnataka",2024-03-20,2025-02-13
Krishna Nadar,Future Partners,8047589933,krishnanadar386@gmail.com,"55 Park Street, HSR Layout, Pune, Maharashtra",2024-07-23,2025-06-18
Arjun Kumar,Solutions Services,6092991160,arjunkumar432@gmail.com,"53 Sarat Bose Road, Koramangala, Surat, Madhya Pradesh",2024-11-04,2025-09-30
Arjun Verma,Systems Solutions,7693445030,arjunverma617@gmail.com,"26 Main Road, Indiranagar, Hyderabad, Uttar Pradesh",2024-03-19,2025-02-12
Aditya Mishra,Enterprise Consulting,3086072477,adityamishra140@gmail.com,"93 Tilak Road, HSR Layout, Delhi, Tamil Nadu",2022-05-08,2023-04-03
Raj Pichai,Smart Limited,7611759620,rajpichai350@gmail.com,"96 Park Street, Bandra, Delhi, Maharashtra",2022-02-18,2023-01-14
Vikram Nadar,Enterprise Partners,5381843702,vikramnadar982@gmail.com,"43 Sarat Bose Road, Andheri, Kolkata, Tamil Nadu",2023-03-10,2024-02-03
Veer Verma,Digital Consulting,5589468352,veerverma681@gmail.com,"60 Main Road, Andheri, Kolkata, West Bengal",2024-07-04,2025-05-30
Veer Kapoor,Global Services,4256831376,veerkapoor936@gmail.com,"71 Park Street, HSR Layout, Hyderabad, Madhya Pradesh",2023-12-16,2024-11-10
Arjun Singh,International Industries,6557668971,arjunsingh281@gmail.com,"50 Park Street, Bandra, Surat, Maharashtra",2024-06-11,2025-05-07
Raj Sharma,Future Technologies,7137380712,rajsharma592@gmail.com,"55 Tilak Road, Indiranagar, Surat, Karnataka",2024-07-03,2025-05-29
Vikram Sharma,International Solutions,3696247697,vikramsharma630@gmail.com,"1 Main Road, Indiranagar, Chennai, Tamil Nadu",2022-05-22,2023-04-17
Krishna Singh,Future Technologies,5801867385,krishnasingh161@gmail.com,"44 MG Road, Andheri, Pune, Maharashtra",2024-10-30,2025-09-25
Veer Pichai,Smart Solutions,9005189500,veerpichai735@gmail.com,"60 Park Street, Bandra, Jaipur, Karnataka",2023-04-12,2024-03-07
Veer Kumar,International Consulting,4713694851,veerkumar667@gmail.com,"7 MG Road, Bandra, Bangalore, Gujarat",2023-07-24,2024-06-18
Arjun Singh,Group Limited,1612870802,arjunsingh903@gmail.com,"46 Main Road, Indiranagar, Chennai, Maharashtra",2024-05-01,2025-03-27
Veer Mishra,Group Corporation,8639629684,veermishra301@gmail.com,"21 Park Street, HSR Layout, Bangalore, Bihar",2022-10-10,2023-09-05
Krishna Kumar,Creative Corporation,1294905474,krishnakumar484@gmail.com,"76 Main Road, HSR Layout, Bangalore, Tamil Nadu",2024-05-25,2025-04-20
Veer Pichai,Future Enterprise,7852165275,veerpichai615@gmail.com,"62 Sarat Bose Road, Indiranagar, Surat, Karnataka",2023-01-11,2023-12-07
Raj Nadar,Global Consulting,7499817258,rajnadar950@gmail.com,"45 Tilak Road, Koramangala, Pune, Uttar Pradesh",2023-04-28,2024-03-23
Vikram Pichai,Group Solutions,7078161154,vikrampichai568@gmail.com,"60 Sarat Bose Road, Andheri, Mumbai, Maharashtra",2021-12-22,2022-11-17
Raj Kapoor,Limited Services,8174140593,rajkapoor711@gmail.com,"2 MG Road, Koramangala, Jaipur, Andhra Pradesh",2022-10-06,2023-09-01
Krishna Sharma,Systems Technologies,5476036217,krishnasharma845@gmail.com,"59 Sarat Bose Road, HSR Layout, Bangalore, Telangana",2022-10-08,2023-09-03
Raj Verma,Group Corporation,3868750635,rajverma252@gmail.com,"43 Sarat Bose Road, Andheri, Delhi, Andhra Pradesh",2024-01-01,2024-11-26
Arjun Singh,Solutions Consulting,9717020434,arjunsingh728@gmail.com,"14 Main Road, HSR Layout, Bangalore, West Bengal",2024-03-19,2025-02-12
Arjun Pichai,International Partners,2421581970,arjunpichai715@gmail.com,"64 Park Street, Indiranagar, Surat, Madhya Pradesh",2023-07-05,2024-05-30
Vikram Singh,Solutions Technologies,3622090045,vikramsingh555@gmail.com,"33 Park Street, Bandra, Hyderabad, Uttar Pradesh",2021-12-21,2022-11-16
Aditya Mishra,Innovative Services,1642486699,adityamishra857@gmail.com,"71 Park Street, Koramangala, Hyderabad, Uttar Pradesh",2024-08-23,2025-07-19
Veer Sharma,Limited Limited,8827400150,veersharma588@gmail.com,"3 MG Road, Bandra, Jaipur, Karnataka",2024-08-16,2025-07-12
Arjun Verma,Global Limited,1935674432,arjunverma564@gmail.com,"44 Sarat Bose Road, Andheri, Ahmedabad, Bihar",2023-03-10,2024-02-03
Arjun Mishra,Future Technologies,1727697966,arjunmishra732@gmail.com,"99 Sarat Bose Road, Indiranagar, Kolkata, Tamil Nadu",2023-09-05,2024-07-31
Veer Nadar,Corp Group,2936999618,veernadar248@gmail.com,"79 Sarat Bose Road, Bandra, Chennai, Madhya Pradesh",2022-04-14,2023-03-10
Krishna Sharma,Digital Services,5484772759,krishnasharma559@gmail.com,"90 Main Road, HSR Layout, Kolkata, Tamil Nadu",2024-02-11,2025-01-06
Veer Verma,Systems Enterprise,9866722116,veerverma804@gmail.com,"36 Park Street, Koramangala, Pune, Madhya Pradesh",2024-05-14,2025-04-09
Raj Kumar,Inc Enterprise,8747844967,rajkumar563@gmail.com,"44 Sarat Bose Road, Indiranagar, Kolkata, Andhra Pradesh",2023-07-23,2024-06-17
Veer Verma,International Partners,9745486674,veerverma169@gmail.com,"91 MG Road, Andheri, Hyderabad, West Bengal",2024-08-01,2025-06-27
Raj Nadar,International Corporation,5694992084,rajnadar624@gmail.com,"54 Park Street, Andheri, Delhi, Telangana",2024-05-13,2025-04-08
Raj Kumar,Creative Services,2794467169,rajkumar307@gmail.com,"23 Tilak Road, Andheri, Hyderabad, Gujarat",2024-03-26,2025-02-19
Vikram Sharma,Systems Group,5875281691,vikramsharma947@gmail.com,"14 Main Road, Bandra, Ahmedabad, West Bengal",2022-03-02,2023-01-26
Arjun Verma,Inc Industries,8634670871,arjunverma192@gmail.com,"28 Park Street, Andheri, Pune, Gujarat",2024-05-13,2025-04-08
Krishna Pichai,Future Corporation,3249684224,krishnapichai998@gmail.com,"31 MG Road, Indiranagar, Hyderabad, Telangana",2023-11-27,2024-10-22
Aditya Nadar,Solutions Solutions,5264235919,adityanadar518@gmail.com,"94 Sarat Bose Road, Andheri, Pune, Maharashtra",2024-10-04,2025-08-30
Aditya Singh,Smart Group,2631197494,adityasingh808@gmail.com,"1 Sarat Bose Road, Andheri, Delhi, Tamil Nadu",2024-06-06,2025-05-02
Raj Nadar,International Group,7039271312,rajnadar187@gmail.com,"28 Sarat Bose Road, Bandra, Mumbai, Telangana",2024-08-22,2025-07-18
Arjun Kapoor,Smart Group,8108675165,arjunkapoor165@gmail.com,"17 Main Road, Indiranagar, Ahmedabad, West Bengal",2024-02-27,2025-01-22
Veer Sharma,Systems Limited,3785173343,veersharma899@gmail.com,"56 Tilak Road, Bandra, Chennai, Madhya Pradesh",2024-03-26,2025-02-19
Krishna Pichai,Smart Technologies,4092275798,krishnapichai738@gmail.com,"46 Main Road, HSR Layout, Delhi, Andhra Pradesh",2023-06-11,2024-05-06
Vikram Sharma,Systems Industries,1977922555,vikramsharma350@gmail.com,"36 MG Road, Koramangala, Jaipur, Telangana",2022-03-13,2023-02-06
Raj Kapoor,Global Enterprise,6701509426,rajkapoor231@gmail.com,"73 Tilak Road, Bandra, Bangalore, Uttar Pradesh",2023-09-11,2024-08-06
Raj Verma,Solutions Group,1695073829,rajverma874@gmail.com,"37 Tilak Road, Koramangala, Delhi, Karnataka",2022-04-21,2023-03-17
Vikram Singh,Creative Partners,1084265158,vikramsingh523@gmail.com,"23 Tilak Road, HSR Layout, Surat, Maharashtra",2021-12-23,2022-11-18
Raj Kumar,Global Limited,4076041346,rajkumar476@gmail.com,"90 Main Road, Andheri, Jaipur, Telangana",2022-05-21,2023-04-16
Arjun Kapoor,Inc Solutions,9957404909,arjunkapoor563@gmail.com,"63 MG Road, Bandra, Chennai, Andhra Pradesh",2022-10-02,2023-08-28
Arjun Sharma,Enterprise Corporation,3361440585,arjunsharma838@gmail.com,"36 Sarat Bose Road, Koramangala, Delhi, Andhra Pradesh",2023-10-06,2024-08-31
Aditya Sharma,Systems Group,1147449708,adityasharma845@gmail.com,"24 Park Street, Bandra, Delhi, Gujarat",2023-04-21,2024-03-16
Krishna Pichai,Group Services,9706359955,krishnapichai342@gmail.com,"34 Sarat Bose Road, Bandra, Jaipur, West Bengal",2024-02-18,2025-01-13
Veer Nadar,Global Enterprise,2857812131,veernadar985@gmail.com,"18 Sarat Bose Road, Koramangala, Chennai, Maharashtra",2022-06-13,2023-05-09
Aditya Sharma,Tech Enterprise,4626226959,adityasharma364@gmail.com,"33 MG Road, Andheri, Pune, Bihar",2023-04-07,2024-03-02
Vikram Kapoor,Digital Industries,8606442641,vikramkapoor715@gmail.com,"58 Sarat Bose Road, HSR Layout, Ahmedabad, Bihar",2023-10-25,2024-09-19
Arjun Sharma,Future Solutions,1981193006,arjunsharma839@gmail.com,"79 Sarat Bose Road, Bandra, Mumbai, Telangana",2023-02-13,2024-01-09
Raj Nadar,Creative Consulting,2202428367,rajnadar720@gmail.com,"23 Tilak Road, HSR Layout, Ahmedabad, Tamil Nadu",2024-07-02,2025-05-28
Veer Kumar,Innovative Services,1977345098,veerkumar237@gmail.com,"22 Tilak Road, HSR Layout, Kolkata, Andhra Pradesh",2024-06-09,2025-05-05
Arjun Mishra,Innovative Corporation,5252108604,arjunmishra757@gmail.com,"53 Park Street, Andheri, Pune, Madhya Pradesh",2022-08-27,2023-07-23
Krishna Verma,Inc Enterprise,7076918119,krishnaverma843@gmail.com,"15 Main Road, Indiranagar, Ahmedabad, Tamil Nadu",2024-11-23,2025-10-19
Aditya Nadar,Future Limited,1321833595,adityanadar225@gmail.com,"19 MG Road, Koramangala, Chennai, Tamil Nadu",2023-06-22,2024-05-17
Vikram Sharma,Innovative Limited,2531083818,vikramsharma537@gmail.com,"17 Park Street, Andheri, Surat, Uttar Pradesh",2022-06-14,2023-05-10
Arjun Sharma,Smart Solutions,6482670663,arjunsharma719@gmail.com,"26 Sarat Bose Road, Koramangala, Delhi, Maharashtra",2024-07-27,2025-06-22
Arjun Nadar,Corp Partners,4155799963,arjunnadar188@gmail.com,"50 Main Road, Andheri, Chennai, Uttar Pradesh",2022-10-23,2023-09-18
Krishna Pichai,International Partners,9812057154,krishnapichai710@gmail.com,"85 Sarat Bose Road, Koramangala, Surat, Bihar",2022-12-24,2023-11-19
Vikram Sharma,Smart Limited,2504540687,vikramsharma542@gmail.com,"4 Tilak Road, Andheri, Pune, Karnataka",2023-02-28,2024-01-24
Veer Kumar,Inc Partners,6981514777,veerkumar839@gmail.com,"31 MG Road, Indiranagar, Mumbai, Gujarat",2024-05-19,2025-04-14
Raj Pichai,Tech Technologies,3386295897,rajpichai168@gmail.com,"60 MG Road, HSR Layout, Ahmedabad, Gujarat",2024-01-14,2024-12-09
Vikram Pichai,Inc Industries,7239605051,vikrampichai260@gmail.com,"72 Main Road, Bandra, Delhi, Bihar",2024-07-19,2025-06-14
Vikram Singh,Solutions Limited,6951073104,vikramsingh485@gmail.com,"92 Tilak Road, Bandra, Mumbai, Madhya Pradesh",2023-04-20,2024-03-15
Aditya Singh,Digital Group,9381382064,adityasingh620@gmail.com,"52 Sarat Bose Road, Bandra, Delhi, Gujarat",2023-04-24,2024-03-19
Aditya Singh,Innovative Industries,8205993677,adityasingh127@gmail.com,"80 Main Road, Koramangala, Jaipur, Tamil Nadu",2022-03-26,2023-02-19
Veer Verma,Corp Solutions,9712024661,veerverma843@gmail.com,"11 Sarat Bose Road, Bandra, Hyderabad, Karnataka",2022-06-09,2023-05-05
Krishna Sharma,Global Services,6567825498,krishnasharma699@gmail.com,"42 Main Road, HSR Layout, Chennai, Maharashtra",2022-12-01,2023-10-27
Veer Sharma,Future Services,8963552795,veersharma920@gmail.com,"25 Park Street, Indiranagar, Kolkata, Karnataka",2023-10-19,2024-09-13
Veer Kapoor,Future Partners,5716113769,veerkapoor599@gmail.com,"57 Sarat Bose Road, Indiranagar, Delhi, Tamil Nadu",2022-10-21,2023-09-16
Aditya Singh,Inc Services,6094831162,adityasingh487@gmail.com,"24 Main Road, HSR Layout, Delhi, Madhya Pradesh",2024-01-22,2024-12-17
Veer Kapoor,Innovative Limited,5836857485,veerkapoor187@gmail.com,"69 Tilak Road, HSR Layout, Jaipur, Madhya Pradesh",2023-08-26,2024-07-21
Krishna Pichai,Future Consulting,7341618981,krishnapichai243@gmail.com,"27 Tilak Road, HSR Layout, Kolkata, Telangana",2022-01-06,2022-12-02
Vikram Mishra,Future Enterprise,2494330857,vikrammishra597@gmail.com,"52 Main Road, Koramangala, Surat, Madhya Pradesh",2022-07-07,2023-06-02
Raj Sharma,Solutions Solutions,3564892070,rajsharma121@gmail.com,"35 Tilak Road, Indiranagar, Kolkata, Bihar",2022-09-18,2023-08-14
Raj Sharma,Systems Enterprise,9347678040,rajsharma840@gmail.com,"69 Main Road, Indiranagar, Jaipur, Uttar Pradesh",2024-03-25,2025-02-18
Krishna Nadar,Future Limited,5848600645,krishnanadar657@gmail.com,"45 Sarat Bose Road, Indiranagar, Mumbai, Andhra Pradesh",2022-12-06,2023-11-01
Veer Pichai,Smart Services,2695458750,veerpichai707@gmail.com,"7 Park Street, Andheri, Pune, Maharashtra",2022-09-16,2023-08-12
Aditya Verma,Digital Consulting,8069989651,adityaverma331@gmail.com,"2 Park Street, Indiranagar, Pune, Maharashtra",2022-01-30,2022-12-26
Krishna Kapoor,Future Partners,1637135378,krishnakapoor725@gmail.com,"69 Tilak Road, Koramangala, Mumbai, Andhra Pradesh",2023-07-01,2024-05-26
Vikram Singh,Innovative Enterprise,2089140171,vikramsingh525@gmail.com,"57 MG Road, Koramangala, Delhi, Karnataka",2024-05-10,2025-04-05
Veer Kumar,Future Limited,8864206170,veerkumar762@gmail.com,"56 Park Street, Bandra, Hyderabad, Karnataka",2024-10-07,2025-09-02
Vikram Kumar,Global Limited,4253070485,vikramkumar538@gmail.com,"38 Sarat Bose Road, Andheri, Bangalore, Madhya Pradesh",2024-11-02,2025-09-28
Vikram Mishra,Innovative Technologies,6535015022,vikrammishra981@gmail.com,"92 Park Street, Andheri, Bangalore, Maharashtra",2022-10-30,2023-09-25
Raj Kumar,Systems Consulting,8543316881,rajkumar609@gmail.com,"93 Tilak Road, Koramangala, Ahmedabad, Karnataka",2022-03-21,2023-02-14
Veer Verma,Creative Group,4939035942,veerverma579@gmail.com,"30 Tilak Road, Indiranagar, Kolkata, Maharashtra",2024-06-14,2025-05-10
Vikram Verma,International Limited,2836844960,vikramverma651@gmail.com,"55 Tilak Road, Koramangala, Bangalore, Andhra Pradesh",2022-12-28,2023-11-23
Aditya Verma,Solutions Industries,7387003768,adityaverma146@gmail.com,"65 MG Road, Indiranagar, Mumbai, West Bengal",2023-04-26,2024-03-21
Raj Singh,Limited Consulting,8866889985,rajsingh750@gmail.com,"6 Main Road, Koramangala, Chennai, Bihar",2024-11-16,2025-10-12
Vikram Kapoor,Solutions Consulting,2531010735,vikramkapoor979@gmail.com,"97 MG Road, Bandra, Surat, Uttar Pradesh",2024-06-11,2025-05-07
Arjun Kapoor,Creative Consulting,4707381639,arjunkapoor856@gmail.com,"19 Park Street, Bandra, Mumbai, Uttar Pradesh",2024-04-29,2025-03-25
Arjun Kapoor,Solutions Consulting,5639304314,arjunkapoor654@gmail.com,"67 Sarat Bose Road, HSR Layout, Jaipur, Gujarat",2023-03-01,2024-01-25
Krishna Verma,Global Consulting,6673163617,krishnaverma370@gmail.com,"21 MG Road, Andheri, Hyderabad, Tamil Nadu",2024-06-11,2025-05-07
Raj Mishra,Corp Enterprise,6464999772,rajmishra699@gmail.com,"5 Tilak Road, Bandra, Jaipur, Bihar",2024-07-30,2025-06-25
Aditya Singh,Innovative Partners,8303555705,adityasingh415@gmail.com,"8 Sarat Bose Road, Koramangala, Kolkata, Bihar",2023-09-28,2024-08-23
Arjun Singh,Systems Industries,2771873818,arjunsingh774@gmail.com,"49 Main Road, HSR Layout, Surat, West Bengal",2023-08-30,2024-07-25
Arjun Verma,Creative Partners,5919991136,arjunverma187@gmail.com,"33 Sarat Bose Road, Bandra, Mumbai, Uttar Pradesh",2024-02-15,2025-01-10
Krishna Mishra,Group Group,8114388256,krishnamishra376@gmail.com,"56 Main Road, Indiranagar, Delhi, Andhra Pradesh",2022-03-29,2023-02-22
Vikram Mishra,Digital Enterprise,7823806012,vikrammishra968@gmail.com,"39 Tilak Road, Andheri, Chennai, Gujarat",2023-07-22,2024-06-16
Veer Nadar,Digital Limited,5299619941,veernadar709@gmail.com,"23 Sarat Bose Road, Andheri, Surat, Madhya Pradesh",2022-11-21,2023-10-17
Krishna Pichai,Creative Limited,5874809042,krishnapichai978@gmail.com,"72 Tilak Road, Andheri, Delhi, Gujarat",2023-06-29,2024-05-24
Raj Sharma,Solutions Enterprise,7597231475,rajsharma738@gmail.com,"10 Tilak Road, Indiranagar, Surat, Madhya Pradesh",2022-03-13,2023-02-06
Veer Verma,Corp Technologies,3225205034,veerverma239@gmail.com,"46 Park Street, Bandra, Hyderabad, Uttar Pradesh",2023-08-27,2024-07-22
Aditya Sharma,Solutions Technologies,1577142772,adityasharma927@gmail.com,"48 Park Street, Bandra, Delhi, Karnataka",2022-02-06,2023-01-02
Krishna Nadar,Smart Limited,5132339100,krishnanadar498@gmail.com,"30 Sarat Bose Road, Koramangala, Ahmedabad, Telangana",2024-04-25,2025-03-21
Arjun Kapoor,Enterprise Consulting,4284628327,arjunkapoor371@gmail.com,"83 Main Road, Andheri, Kolkata, Uttar Pradesh",2024-06-24,2025-05-20
Krishna Singh,Tech Industries,9704741144,krishnasingh884@gmail.com,"10 Main Road, Koramangala, Delhi, Madhya Pradesh",2022-09-07,2023-08-03
Veer Kumar,Systems Technologies,9661514347,veerkumar593@gmail.com,"24 Sarat Bose Road, Andheri, Hyderabad, West Bengal",2024-04-01,2025-02-25
Aditya Sharma,Systems Limited,1771336114,adityasharma411@gmail.com,"19 Main Road, Koramangala, Pune, Maharashtra",2022-05-18,2023-04-13
Veer Nadar,Digital Enterprise,1319440135,veernadar827@gmail.com,"69 Main Road, Koramangala, Jaipur, Bihar",2024-08-13,2025-07-09
Vikram Sharma,Tech Industries,2129891920,vikramsharma529@gmail.com,"80 Sarat Bose Road, Bandra, Delhi, Tamil Nadu",2023-01-19,2023-12-15
Aditya Kumar,Global Technologies,3808320670,adityakumar331@gmail.com,"69 Sarat Bose Road, HSR Layout, Surat, Uttar Pradesh",2023-04-22,2024-03-17
Vikram Pichai,Smart Technologies,8026662894,vikrampichai627@gmail.com,"14 Main Road, Andheri, Chennai, Tamil Nadu",2024-03-01,2025-01-25
Veer Sharma,Inc Industries,9378089066,veersharma664@gmail.com,"69 Tilak Road, Indiranagar, Bangalore, Madhya Pradesh",2022-01-27,2022-12-23
Raj Sharma,Systems Enterprise,2494246426,rajsharma221@gmail.com,"68 MG Road, Andheri, Surat, Karnataka",2022-11-16,2023-10-12
Vikram Kapoor,Creative Services,2835128960,vikramkapoor965@gmail.com,"14 MG Road, Andheri, Pune, Maharashtra",2022-05-05,2023-03-31
Arjun Sharma,Limited Industries,8537487116,arjunsharma551@gmail.com,"62 MG Road, HSR Layout, Bangalore, Bihar",2022-03-17,2023-02-10
Raj Singh,Corp Technologies,8123701358,rajsingh394@gmail.com,"83 Park Street, Andheri, Mumbai, Tamil Nadu",2023-06-23,2024-05-18
Arjun Sharma,Inc Services,6012159744,arjunsharma265@gmail.com,"38 Sarat Bose Road, Koramangala, Mumbai, Bihar",2023-04-01,2024-02-25
Veer Kumar,Future Solutions,4203458566,veerkumar843@gmail.com,"93 MG Road, Indiranagar, Surat, Karnataka",2022-09-04,2023-07-31
Vikram Kumar,Digital Industries,9118342668,vikramkumar268@gmail.com,"43 Sarat Bose Road, Koramangala, Bangalore, Madhya Pradesh",2022-07-14,2023-06-09
Raj Kumar,Tech Limited,1359064329,rajkumar323@gmail.com,"5 Sarat Bose Road, Andheri, Delhi, Bihar",2022-04-29,2023-03-25
Arjun Pichai,Smart Partners,2134384280,arjunpichai722@gmail.com,"39 Park Street, Andheri, Jaipur, Uttar Pradesh",2023-03-23,2024-02-16
Arjun Singh,Digital Corporation,6294969876,arjunsingh978@gmail.com,"46 Main Road, Andheri, Surat, Gujarat",2024-04-27,2025-03-23
Vikram Nadar,Enterprise Enterprise,3343580400,vikramnadar762@gmail.com,"66 Main Road, Andheri, Hyderabad, Maharashtra",2024-01-21,2024-12-16
Vikram Nadar,Enterprise Partners,4376752703,vikramnadar891@gmail.com,"93 MG Road, Koramangala, Surat, Uttar Pradesh",2022-09-07,2023-08-03
Krishna Pichai,Tech Partners,8847429882,krishnapichai762@gmail.com,"62 Tilak Road, HSR Layout, Surat, Gujarat",2024-08-22,2025-07-18
Veer Sharma,Tech Group,8975906879,veersharma463@gmail.com,"47 Main Road, Andheri, Jaipur, West Bengal",2024-09-15,2025-08-11
Vikram Verma,Group Consulting,2709377214,vikramverma587@gmail.com,"52 Tilak Road, Bandra, Bangalore, West Bengal",2023-05-27,2024-04-21
Arjun Mishra,Solutions Consulting,2279873386,arjunmishra217@gmail.com,"58 Main Road, Bandra, Bangalore, Maharashtra",2022-06-10,2023-05-06
Raj Verma,Smart Enterprise,2146817780,rajverma666@gmail.com,"99 Tilak Road, Koramangala, Hyderabad, Andhra Pradesh",2023-09-25,2024-08-20
Raj Kumar,Solutions Corporation,7122052460,rajkumar405@gmail.com,"16 Park Street, HSR Layout, Chennai, Gujarat",2024-12-05,2025-10-31
Arjun Nadar,Global Consulting,1342608785,arjunnadar942@gmail.com,"88 Main Road, Bandra, Hyderabad, Madhya Pradesh",2022-11-26,2023-10-22
Arjun Mishra,Corp Partners,8316239378,arjunmishra513@gmail.com,"66 Tilak Road, HSR Layout, Pune, West Bengal",2023-05-31,2024-04-25
Krishna Verma,Corp Corporation,2021366747,krishnaverma693@gmail.com,"16 Park Street, HSR Layout, Delhi, Madhya Pradesh",2024-04-28,2025-03-24
Aditya Singh,Inc Limited,2948064715,adityasingh724@gmail.com,"95 Tilak Road, HSR Layout, Chennai, Karnataka",2023-01-01,2023-11-27
Vikram Mishra,Innovative Partners,9202998821,vikrammishra938@gmail.com,"5 Park Street, Indiranagar, Ahmedabad, Andhra Pradesh",2023-10-06,2024-08-31
Raj Mishra,Future Group,3526369177,rajmishra863@gmail.com,"11 Tilak Road, Koramangala, Pune, Gujarat",2023-03-30,2024-02-23
Arjun Kumar,Innovative Technologies,7924004991,arjunkumar598@gmail.com,"13 Park Street, Indiranagar, Ahmedabad, Karnataka",2022-06-28,2023-05-24
Krishna Mishra,Group Partners,2242797370,krishnamishra183@gmail.com,"69 Tilak Road, Andheri, Pune, Tamil Nadu",2022-05-08,2023-04-03
Veer Mishra,Creative Technologies,1496404114,veermishra499@gmail.com,"12 Sarat Bose Road, Koramangala, Ahmedabad, Andhra Pradesh",2022-08-25,2023-07-21
Raj Sharma,Corp Technologies,6334314454,rajsharma500@gmail.com,"58 Main Road, Indiranagar, Kolkata, Madhya Pradesh",2024-07-16,2025-06-11
Arjun Singh,Tech Solutions,3775977958,arjunsingh788@gmail.com,"12 Park Street, Indiranagar, Surat, Bihar",2024-08-27,2025-07-23
Krishna Verma,Solutions Services,4806399161,krishnaverma187@gmail.com,"70 Tilak Road, Bandra, Jaipur, West Bengal",2022-05-25,2023-04-20
Vikram Pichai,Future Enterprise,2133455225,vikrampichai588@gmail.com,"79 Sarat Bose Road, HSR Layout, Kolkata, Andhra Pradesh",2022-08-16,2023-07-12
Vikram Mishra,Enterprise Technologies,8045302043,vikrammishra565@gmail.com,"19 Main Road, Indiranagar, Chennai, Karnataka",2024-04-29,2025-03-25
Veer Pichai,International Solutions,3594147244,veerpichai295@gmail.com,"60 Sarat Bose Road, HSR Layout, Ahmedabad, Karnataka",2024-09-24,2025-08-20
Vikram Kapoor,Creative Technologies,8979697553,vikramkapoor757@gmail.com,"27 Sarat Bose Road, HSR Layout, Chennai, Gujarat",2022-03-11,2023-02-04
Veer Kumar,Group Industries,1808499463,veerkumar121@gmail.com,"99 Sarat Bose Road, HSR Layout, Ahmedabad, Tamil Nadu",2024-04-14,2025-03-10
Arjun Kapoor,Creative Services,2141712389,arjunkapoor450@gmail.com,"77 Sarat Bose Road, Bandra, Hyderabad, Maharashtra",2024-02-10,2025-01-05
Veer Singh,Solutions Corporation,8192391738,veersingh657@gmail.com,"34 MG Road, Indiranagar, Chennai, Karnataka",2024-02-23,2025-01-18
Arjun Mishra,Smart Enterprise,9324947321,arjunmishra711@gmail.com,"72 Sarat Bose Road, HSR Layout, Chennai, Madhya Pradesh",2023-12-08,2024-11-02
Veer Singh,Group Group,7773590444,veersingh923@gmail.com,"18 Park Street, Koramangala, Delhi, Tamil Nadu",2022-12-26,2023-11-21
Arjun Verma,Digital Technologies,9791391206,arjunverma938@gmail.com,"12 MG Road, HSR Layout, Delhi, Andhra Pradesh",2023-08-13,2024-07-08
Arjun Singh,Digital Group,8864066721,arjunsingh189@gmail.com,"12 MG Road, Indiranagar, Kolkata, Bihar",2024-03-18,2025-02-11
Veer Mishra,Enterprise Limited,3306811085,veermishra853@gmail.com,"72 MG Road, Koramangala, Delhi, Tamil Nadu",2023-12-16,2024-11-10
Aditya Kumar,Systems Group,3857558360,adityakumar445@gmail.com,"74 Park Street, Indiranagar, Jaipur, Tamil Nadu",2022-08-30,2023-07-26
Vikram Verma,Creative Industries,1673205137,vikramverma166@gmail.com,"65 Sarat Bose Road, Bandra, Mumbai, Telangana",2023-03-16,2024-02-09
Arjun Kumar,Creative Solutions,4924528266,arjunkumar533@gmail.com,"58 MG Road, Indiranagar, Delhi, West Bengal",2023-10-22,2024-09-16
Raj Nadar,Systems Solutions,8572262842,rajnadar445@gmail.com,"65 Tilak Road, Andheri, Ahmedabad, Andhra Pradesh",2023-05-14,2024-04-08
Arjun Mishra,Inc Industries,4378114642,arjunmishra139@gmail.com,"40 Tilak Road, Andheri, Delhi, Telangana",2024-01-28,2024-12-23
Raj Verma,Global Technologies,1034947998,rajverma644@gmail.com,"63 MG Road, Bandra, Jaipur, West Bengal",2024-05-03,2025-03-29
Raj Pichai,Systems Partners,7978792474,rajpichai817@gmail.com,"50 Main Road, Koramangala, Pune, Maharashtra",2021-12-17,2022-11-12
Vikram Verma,Corp Limited,2626998243,vikramverma254@gmail.com,"72 Park Street, Andheri, Bangalore, Maharashtra",2023-05-19,2024-04-13
Veer Verma,Tech Enterprise,3092749571,veerverma780@gmail.com,"88 Main Road, Bandra, Ahmedabad, Telangana",2024-11-10,2025-10-06
Raj Kumar,Systems Corporation,2296613073,rajkumar777@gmail.com,"17 Sarat Bose Road, Bandra, Surat, West Bengal",2022-06-12,2023-05-08
Vikram Pichai,Solutions Enterprise,9687172731,vikrampichai446@gmail.com,"73 Main Road, Indiranagar, Delhi, Karnataka",2023-12-16,2024-11-10
Vikram Kapoor,Systems Consulting,9067205033,vikramkapoor473@gmail.com,"13 Sarat Bose Road, Bandra, Kolkata, Andhra Pradesh",2024-02-05,2024-12-31
Veer Verma,Global Technologies,3023906229,veerverma268@gmail.com,"20 MG Road, HSR Layout, Jaipur, Gujarat",2024-03-04,2025-01-28
Raj Sharma,Limited Enterprise,6263871681,rajsharma442@gmail.com,"19 Park Street, HSR Layout, Mumbai, West Bengal",2022-09-01,2023-07-28
Veer Mishra,Group Partners,7773591332,veermishra821@gmail.com,"68 Park Street, Bandra, Kolkata, Bihar",2023-03-12,2024-02-05
Veer Mishra,Global Technologies,2029038068,veermishra869@gmail.com,"81 Park Street, Koramangala, Chennai, Karnataka",2023-02-26,2024-01-22
Aditya Mishra,Digital Partners,1753512806,adityamishra628@gmail.com,"51 Main Road, Indiranagar, Bangalore, Karnataka",2024-05-06,2025-04-01
Krishna Pichai,Innovative Services,7928139209,krishnapichai405@gmail.com,"51 Park Street, Indiranagar, Mumbai, Tamil Nadu",2023-11-14,2024-10-09
Veer Sharma,Inc Group,5478698857,veersharma102@gmail.com,"10 Park Street, Andheri, Hyderabad, Gujarat",2023-03-25,2024-02-18
Raj Sharma,Enterprise Group,9236653211,rajsharma347@gmail.com,"90 Main Road, Indiranagar, Kolkata, Maharashtra",2022-01-19,2022-12-15
Arjun Verma,Systems Industries,7934960333,arjunverma459@gmail.com,"91 MG Road, Andheri, Jaipur, Karnataka",2024-07-08,2025-06-03
Vikram Kapoor,Inc Enterprise,5043581344,vikramkapoor121@gmail.com,"16 Sarat Bose Road, Andheri, Kolkata, Karnataka",2024-10-07,2025-09-02
Aditya Nadar,Systems Partners,7976011365,adityanadar609@gmail.com,"50 Park Street, HSR Layout, Kolkata, Tamil Nadu",2023-05-31,2024-04-25
Vikram Mishra,Future Group,2794470194,vikrammishra465@gmail.com,"24 Main Road, Koramangala, Delhi, Gujarat",2022-09-19,2023-08-15
Krishna Sharma,Future Solutions,5131541669,krishnasharma591@gmail.com,"3 Park Street, Indiranagar, Chennai, Gujarat",2022-10-02,2023-08-28
Krishna Kapoor,Creative Consulting,5854142625,krishnakapoor893@gmail.com,"93 Tilak Road, HSR Layout, Hyderabad, Bihar",2022-04-14,2023-03-10
Raj Kapoor,Solutions Limited,6297888150,rajkapoor326@gmail.com,"5 Main Road, HSR Layout, Bangalore, Gujarat",2023-05-25,2024-04-19
Veer Nadar,Group Consulting,7872972571,veernadar656@gmail.com,"16 Main Road, Koramangala, Surat, Karnataka",2022-11-10,2023-10-06
Arjun Singh,Smart Consulting,3631782062,arjunsingh199@gmail.com,"40 Sarat Bose Road, Indiranagar, Hyderabad, Andhra Pradesh",2022-03-06,2023-01-30
Raj Nadar,Tech Services,2745243617,rajnadar853@gmail.com,"26 Tilak Road, Indiranagar, Chennai, Bihar",2024-08-06,2025-07-02
Vikram Kumar,International Limited,4339384989,vikramkumar606@gmail.com,"5 Tilak Road, Andheri, Delhi, Tamil Nadu",2023-12-15,2024-11-09
Vikram Kapoor,Future Limited,3241741423,vikramkapoor590@gmail.com,"57 Sarat Bose Road, Koramangala, Jaipur, West Bengal",2023-10-25,2024-09-19
Krishna Nadar,Tech Solutions,7905475739,krishnanadar552@gmail.com,"68 Park Street, Bandra, Mumbai, Maharashtra",2022-09-03,2023-07-30
Vikram Kapoor,Inc Enterprise,7074570098,vikramkapoor827@gmail.com,"22 Tilak Road, Andheri, Chennai, Madhya Pradesh",2022-02-15,2023-01-11
Arjun Kumar,Future Partners,7679184224,arjunkumar243@gmail.com,"40 Sarat Bose Road, Bandra, Surat, Karnataka",2024-10-18,2025-09-13
Vikram Kumar,Digital Limited,1112687812,vikramkumar396@gmail.com,"70 MG Road, Koramangala, Delhi, West Bengal",2022-07-15,2023-06-10
Raj Singh,Future Technologies,6369785634,rajsingh934@gmail.com,"32 Main Road, HSR Layout, Chennai, Madhya Pradesh",2023-03-08,2024-02-01
Vikram Nadar,Corp Limited,2412766120,vikramnadar262@gmail.com,"44 Main Road, Bandra, Ahmedabad, Gujarat",2022-12-19,2023-11-14
Vikram Nadar,Corp Group,3818867022,vikramnadar968@gmail.com,"43 MG Road, Bandra, Jaipur, Maharashtra",2024-11-07,2025-10-03
Raj Kapoor,Limited Industries,5842390256,rajkapoor616@gmail.com,"61 Park Street, Andheri, Chennai, West Bengal",2024-06-28,2025-05-24
Aditya Sharma,Inc Industries,1723163572,adityasharma549@gmail.com,"94 Main Road, Koramangala, Delhi, Andhra Pradesh",2022-11-04,2023-09-30
Vikram Singh,Enterprise Partners,2296226031,vikramsingh311@gmail.com,"27 Main Road, Indiranagar, Jaipur, Andhra Pradesh",2024-05-16,2025-04-11
Aditya Verma,Corp Services,5511520256,adityaverma266@gmail.com,"70 MG Road, Indiranagar, Ahmedabad, Maharashtra",2021-12-26,2022-11-21
Veer Pichai,Corp Consulting,2238104034,veerpichai448@gmail.com,"2 Sarat Bose Road, Indiranagar, Delhi, Madhya Pradesh",2024-06-11,2025-05-07
Veer Pichai,International Limited,4725969275,veerpichai805@gmail.com,"17 Sarat Bose Road, Indiranagar, Kolkata, Andhra Pradesh",2023-11-09,2024-10-04
Veer Sharma,Digital Industries,6819072589,veersharma839@gmail.com,"50 Park Street, Andheri, Bangalore, Karnataka",2022-03-12,2023-02-05
Arjun Nadar,Global Consulting,3554494200,arjunnadar291@gmail.com,"23 Park Street, Koramangala, Pune, Karnataka",2023-08-26,2024-07-21
Arjun Verma,Corp Enterprise,3061695309,arjunverma261@gmail.com,"14 Park Street, HSR Layout, Kolkata, Uttar Pradesh",2022-03-16,2023-02-09
Raj Verma,Future Consulting,4524360208,rajverma302@gmail.com,"10 Tilak Road, Indiranagar, Chennai, Karnataka",2023-10-19,2024-09-13
Arjun Nadar,Inc Technologies,2953908170,arjunnadar518@gmail.com,"49 Tilak Road, Koramangala, Delhi, West Bengal",2023-11-06,2024-10-01
Arjun Verma,International Enterprise,5905708715,arjunverma361@gmail.com,"4 Park Street, Bandra, Kolkata, Telangana",2024-08-30,2025-07-26
Vikram Sharma,Digital Enterprise,7078041872,vikramsharma628@gmail.com,"20 MG Road, Koramangala, Bangalore, Karnataka",2022-06-12,2023-05-08
Raj Mishra,Smart Consulting,9403553521,rajmishra891@gmail.com,"20 MG Road, Koramangala, Hyderabad, Tamil Nadu",2022-01-13,2022-12-09
Raj Kapoor,Digital Group,3399717917,rajkapoor137@gmail.com,"7 Park Street, Andheri, Ahmedabad, Andhra Pradesh",2022-05-23,2023-04-18
Raj Singh,Corp Solutions,7923879325,rajsingh108@gmail.com,"18 Sarat Bose Road, Andheri, Surat, Madhya Pradesh",2023-06-20,2024-05-15
Aditya Mishra,Systems Solutions,8982585977,adityamishra309@gmail.com,"3 Main Road, Andheri, Pune, Telangana",2023-01-14,2023-12-10
Arjun Pichai,International Services,4882526704,arjunpichai103@gmail.com,"73 Main Road, Andheri, Jaipur, Madhya Pradesh",2024-05-08,2025-04-03
Raj Verma,Global Consulting,4236975620,rajverma546@gmail.com,"93 MG Road, HSR Layout, Kolkata, Bihar",2024-09-17,2025-08-13
Arjun Kapoor,Smart Consulting,9546622468,arjunkapoor970@gmail.com,"2 Tilak Road, Indiranagar, Delhi, Karnataka",2022-08-02,2023-06-28
Aditya Pichai,Tech Partners,5478580423,adityapichai622@gmail.com,"22 Tilak Road, Koramangala, Bangalore, Madhya Pradesh",2023-12-04,2024-10-29
Arjun Mishra,Innovative Corporation,3001986222,arjunmishra595@gmail.com,"8 Park Street, HSR Layout, Hyderabad, West Bengal",2024-12-05,2025-10-31
Raj Verma,Enterprise Group,4033775365,rajverma760@gmail.com,"64 Park Street, Indiranagar, Jaipur, Telangana",2023-11-23,2024-10-18
Krishna Nadar,Group Industries,3059961081,krishnanadar222@gmail.com,"83 Main Road, Indiranagar, Chennai, Maharashtra",2024-09-08,2025-08-04
Vikram Kapoor,Digital Group,1005860671,vikramkapoor322@gmail.com,"80 Sarat Bose Road, Indiranagar, Surat, Gujarat",2022-09-27,2023-08-23
Krishna Mishra,Creative Technologies,1365028501,krishnamishra823@gmail.com,"49 MG Road, Indiranagar, Bangalore, Gujarat",2024-07-07,2025-06-02
Vikram Mishra,Smart Partners,1371648184,vikrammishra412@gmail.com,"12 Park Street, Indiranagar, Delhi, Andhra Pradesh",2022-05-31,2023-04-26
Vikram Pichai,Creative Solutions,7621335565,vikrampichai131@gmail.com,"66 MG Road, Andheri, Hyderabad, Andhra Pradesh",2022-03-17,2023-02-10
Raj Verma,Tech Industries,5837577607,rajverma645@gmail.com,"33 Main Road, Koramangala, Bangalore, Uttar Pradesh",2022-05-06,2023-04-01
Raj Singh,Creative Technologies,4276434692,rajsingh414@gmail.com,"85 Tilak Road, HSR Layout, Pune, Tamil Nadu",2024-12-05,2025-10-31
Vikram Mishra,Global Technologies,5239053417,vikrammishra312@gmail.com,"98 Main Road, Andheri, Mumbai, Telangana",2022-10-05,2023-08-31
Vikram Pichai,International Industries,6831557644,vikrampichai439@gmail.com,"1 Park Street, Indiranagar, Jaipur, Madhya Pradesh",2024-06-28,2025-05-24
Vikram Kapoor,Systems Partners,9485936865,vikramkapoor120@gmail.com,"35 Park Street, HSR Layout, Delhi, Madhya Pradesh",2024-09-26,2025-08-22
Veer Singh,Limited Enterprise,7163866870,veersingh537@gmail.com,"11 Main Road, HSR Layout, Kolkata, West Bengal",2024-12-03,2025-10-29
Raj Mishra,Digital Technologies,2761666199,rajmishra842@gmail.com,"65 Tilak Road, Indiranagar, Hyderabad, Telangana",2023-01-01,2023-11-27
Veer Kapoor,Systems Enterprise,4286912214,veerkapoor911@gmail.com,"10 Park Street, Koramangala, Jaipur, Uttar Pradesh",2024-01-18,2024-12-13
Aditya Kapoor,Future Enterprise,3991118980,adityakapoor398@gmail.com,"60 Park Street, Indiranagar, Delhi, Gujarat",2024-01-18,2024-12-13
Vikram Singh,Digital Partners,6381465302,vikramsingh917@gmail.com,"98 Sarat Bose Road, Bandra, Bangalore, Maharashtra",2022-07-30,2023-06-25
Aditya Kumar,Innovative Enterprise,6763746260,adityakumar736@gmail.com,"46 MG Road, Indiranagar, Surat, Karnataka",2022-08-06,2023-07-02
Aditya Mishra,Creative Partners,5151704087,adityamishra809@gmail.com,"18 Tilak Road, HSR Layout, Kolkata, Uttar Pradesh",2022-02-19,2023-01-15
Raj Mishra,Creative Technologies,7176305721,rajmishra844@gmail.com,"66 MG Road, Andheri, Surat, Andhra Pradesh",2022-02-07,2023-01-03
Arjun Singh,Innovative Services,3863268113,arjunsingh503@gmail.com,"45 Tilak Road, Andheri, Delhi, West Bengal",2022-10-05,2023-08-31
Aditya Sharma,Future Enterprise,4133167091,adityasharma377@gmail.com,"78 Main Road, HSR Layout, Delhi, Uttar Pradesh",2023-12-13,2024-11-07
Arjun Pichai,International Industries,2788481128,arjunpichai416@gmail.com,"53 MG Road, Indiranagar, Kolkata, Tamil Nadu",2022-01-29,2022-12-25
Veer Kapoor,Innovative Solutions,2377838941,veerkapoor119@gmail.com,"100 Main Road, HSR Layout, Kolkata, Maharashtra",2022-11-13,2023-10-09
Aditya Nadar,Digital Limited,2208331096,adityanadar452@gmail.com,"23 MG Road, HSR Layout, Pune, Gujarat",2023-05-30,2024-04-24
Arjun Nadar,Corp Group,4638709233,arjunnadar831@gmail.com,"5 MG Road, Bandra, Hyderabad, Tamil Nadu",2024-02-08,2025-01-03
Vikram Kapoor,Innovative Solutions,6501479685,vikramkapoor491@gmail.com,"74 MG Road, Indiranagar, Chennai, Karnataka",2024-11-01,2025-09-27
Aditya Mishra,Creative Limited,5302340996,adityamishra709@gmail.com,"77 Tilak Road, Koramangala, Hyderabad, Tamil Nadu",2023-10-14,2024-09-08
Raj Singh,Limited Partners,5222921680,rajsingh410@gmail.com,"42 Park Street, HSR Layout, Mumbai, Andhra Pradesh",2022-03-01,2023-01-25
Krishna Kapoor,Digital Consulting,4778670558,krishnakapoor475@gmail.com,"87 Main Road, HSR Layout, Pune, Andhra Pradesh",2024-10-18,2025-09-13
Aditya Mishra,Group Enterprise,5272610689,adityamishra605@gmail.com,"32 Sarat Bose Road, HSR Layout, Ahmedabad, Tamil Nadu",2023-02-23,2024-01-19
Vikram Kapoor,Future Partners,5738427439,vikramkapoor789@gmail.com,"36 Sarat Bose Road, Koramangala, Pune, Gujarat",2024-06-15,2025-05-11
Aditya Sharma,Global Enterprise,3217013868,adityasharma992@gmail.com,"42 Sarat Bose Road, Andheri, Ahmedabad, Telangana",2022-08-05,2023-07-01
Veer Pichai,Inc Partners,4397384686,veerpichai208@gmail.com,"3 Park Street, Koramangala, Bangalore, Uttar Pradesh",2022-10-14,2023-09-09
Aditya Kumar,Tech Solutions,5707420164,adityakumar821@gmail.com,"64 Main Road, Koramangala, Mumbai, Madhya Pradesh",2024-09-06,2025-08-02
Veer Sharma,International Technologies,6782206691,veersharma681@gmail.com,"1 Main Road, Koramangala, Chennai, Telangana",2023-09-26,2024-08-21
Arjun Kumar,Systems Technologies,2957699054,arjunkumar524@gmail.com,"42 Tilak Road, Koramangala, Jaipur, West Bengal",2022-06-28,2023-05-24
Krishna Verma,Inc Limited,7225501533,krishnaverma668@gmail.com,"70 MG Road, Koramangala, Delhi, Bihar",2022-01-02,2022-11-28
Raj Nadar,Innovative Limited,8714459637,rajnadar531@gmail.com,"98 Sarat Bose Road, Indiranagar, Ahmedabad, Madhya Pradesh",2024-08-12,2025-07-08
Arjun Pichai,Systems Enterprise,4742300554,arjunpichai865@gmail.com,"23 Park Street, Koramangala, Hyderabad, Tamil Nadu",2022-01-11,2022-12-07
Krishna Kapoor,Inc Consulting,5701095324,krishnakapoor392@gmail.com,"90 Tilak Road, Koramangala, Delhi, Maharashtra",2022-08-21,2023-07-17
Raj Verma,Solutions Corporation,9049390373,rajverma911@gmail.com,"11 Sarat Bose Road, Andheri, Delhi, Bihar",2024-12-05,2025-10-31
Vikram Nadar,Future Partners,3562189233,vikramnadar209@gmail.com,"58 Park Street, Koramangala, Hyderabad, Bihar",2024-06-13,2025-05-09
Krishna Kapoor,Solutions Services,9299447991,krishnakapoor536@gmail.com,"24 Main Road, Koramangala, Jaipur, Gujarat",2022-03-08,2023-02-01
Vikram Verma,Global Solutions,5485179602,vikramverma424@gmail.com,"27 Tilak Road, Bandra, Chennai, Bihar",2022-06-21,2023-05-17
Raj Mishra,Digital Group,3244755966,rajmishra549@gmail.com,"72 Main Road, Andheri, Hyderabad, Karnataka",2023-06-10,2024-05-05
Krishna Kapoor,Smart Solutions,4343795195,krishnakapoor759@gmail.com,"34 Sarat Bose Road, Bandra, Pune, Tamil Nadu",2023-02-02,2023-12-29
Veer Kapoor,Digital Industries,9985557597,veerkapoor688@gmail.com,"57 MG Road, HSR Layout, Mumbai, Andhra Pradesh",2022-06-20,2023-05-16
Raj Kumar,Enterprise Industries,3102751541,rajkumar142@gmail.com,"17 Tilak Road, Bandra, Ahmedabad, Telangana",2022-10-20,2023-09-15
Krishna Pichai,Enterprise Group,7252674177,krishnapichai816@gmail.com,"45 Sarat Bose Road, Koramangala, Hyderabad, Karnataka",2023-03-13,2024-02-06
Raj Nadar,Corp Industries,6042002055,rajnadar140@gmail.com,"51 Park Street, Andheri, Mumbai, Karnataka",2021-12-16,2022-11-11
Vikram Pichai,Creative Industries,4715588703,vikrampichai475@gmail.com,"84 MG Road, Bandra, Jaipur, Maharashtra",2023-06-02,2024-04-27
Krishna Kumar,Smart Corporation,5129154821,krishnakumar204@gmail.com,"16 Park Street, Andheri, Kolkata, Tamil Nadu",2022-05-21,2023-04-16
Aditya Verma,Enterprise Partners,3974600468,adityaverma634@gmail.com,"62 Main Road, HSR Layout, Hyderabad, West Bengal",2022-05-01,2023-03-27
Raj Singh,International Group,6223118092,rajsingh216@gmail.com,"2 Sarat Bose Road, HSR Layout, Hyderabad, Bihar",2024-09-06,2025-08-02
Aditya Nadar,Future Limited,5736876832,adityanadar171@gmail.com,"57 Park Street, Indiranagar, Ahmedabad, Telangana",2023-06-29,2024-05-24
Aditya Verma,International Industries,9696530586,adityaverma232@gmail.com,"64 Tilak Road, Andheri, Chennai, Madhya Pradesh",2023-05-19,2024-04-13
Aditya Verma,Inc Services,1008918207,adityaverma787@gmail.com,"91 MG Road, HSR Layout, Jaipur, Maharashtra",2022-04-05,2023-03-01
Arjun Singh,Tech Industries,1266143130,arjunsingh280@gmail.com,"64 Park Street, Indiranagar, Pune, Karnataka",2024-05-28,2025-04-23
Aditya Nadar,Global Consulting,6994465547,adityanadar136@gmail.com,"32 Tilak Road, Indiranagar, Surat, Andhra Pradesh",2023-06-15,2024-05-10
Aditya Pichai,Innovative Corporation,2109180911,adityapichai362@gmail.com,"3 Sarat Bose Road, Bandra, Bangalore, Maharashtra",2022-05-28,2023-04-23
Aditya Verma,Limited Partners,8104850176,adityaverma342@gmail.com,"59 Main Road, Bandra, Kolkata, Bihar",2022-08-10,2023-07-06
Arjun Verma,Future Group,4773181724,arjunverma705@gmail.com,"35 Sarat Bose Road, Andheri, Delhi, Telangana",2022-01-20,2022-12-16
Raj Mishra,International Enterprise,8407310097,rajmishra866@gmail.com,"97 Sarat Bose Road, HSR Layout, Mumbai, Madhya Pradesh",2023-08-20,2024-07-15
Vikram Kapoor,Smart Consulting,1245079697,vikramkapoor372@gmail.com,"21 Main Road, Indiranagar, Hyderabad, West Bengal",2022-12-11,2023-11-06
Arjun Verma,Smart Consulting,7953247702,arjunverma302@gmail.com,"76 Park Street, HSR Layout, Chennai, Bihar",2024-05-04,2025-03-30
Krishna Sharma,Innovative Enterprise,3998236093,krishnasharma234@gmail.com,"47 Tilak Road, Bandra, Ahmedabad, Telangana",2024-07-21,2025-06-16
Veer Mishra,Solutions Industries,9277380488,veermishra521@gmail.com,"51 Park Street, HSR Layout, Kolkata, Maharashtra",2022-08-03,2023-06-29
Krishna Verma,Smart Enterprise,7186915108,krishnaverma353@gmail.com,"73 MG Road, Koramangala, Ahmedabad, Andhra Pradesh",2023-08-29,2024-07-24
Vikram Verma,Future Group,2184479531,vikramverma433@gmail.com,"46 Main Road, Koramangala, Jaipur, Madhya Pradesh",2022-06-10,2023-05-06
Vikram Mishra,Systems Industries,1177922735,vikrammishra166@gmail.com,"42 MG Road, Bandra, Ahmedabad, West Bengal",2023-11-01,2024-09-26
Aditya Verma,Innovative Services,7542423848,adityaverma675@gmail.com,"79 Park Street, Indiranagar, Ahmedabad, Telangana",2024-05-11,2025-04-06
Raj Singh,Enterprise Industries,7816860323,rajsingh570@gmail.com,"5 Sarat Bose Road, Andheri, Delhi, Maharashtra",2022-06-24,2023-05-20
Krishna Sharma,Innovative Industries,2979819549,krishnasharma419@gmail.com,"15 Main Road, Indiranagar, Hyderabad, Tamil Nadu",2022-12-18,2023-11-13
Veer Sharma,Creative Group,6058570563,veersharma249@gmail.com,"10 Park Street, Andheri, Delhi, Madhya Pradesh",2024-06-15,2025-05-11
Veer Verma,Solutions Services,8595606317,veerverma634@gmail.com,"77 Park Street, HSR Layout, Hyderabad, Madhya Pradesh",2023-06-11,2024-05-06
Veer Kapoor,Inc Corporation,9297651705,veerkapoor984@gmail.com,"43 Main Road, Bandra, Bangalore, Bihar",2024-12-04,2025-10-30
Arjun Kapoor,Systems Technologies,1471631545,arjunkapoor472@gmail.com,"63 Main Road, HSR Layout, Mumbai, Gujarat",2023-05-01,2024-03-26
Aditya Verma,Tech Services,3102656532,adityaverma127@gmail.com,"21 MG Road, Andheri, Surat, Telangana",2023-02-22,2024-01-18
Krishna Verma,Smart Corporation,1727609597,krishnaverma101@gmail.com,"9 MG Road, Bandra, Delhi, Bihar",2023-10-20,2024-09-14
Veer Singh,International Industries,2163077295,veersingh927@gmail.com,"21 MG Road, HSR Layout, Jaipur, Andhra Pradesh",2024-06-06,2025-05-02
Vikram Nadar,International Partners,2856144300,vikramnadar950@gmail.com,"76 Main Road, Bandra, Pune, Uttar Pradesh",2022-04-09,2023-03-05
Veer Sharma,Creative Group,1861093327,veersharma692@gmail.com,"35 Park Street, HSR Layout, Chennai, Karnataka",2022-04-12,2023-03-08
Krishna Nadar,Tech Industries,4517822940,krishnanadar233@gmail.com,"43 Tilak Road, HSR Layout, Surat, West Bengal",2022-10-12,2023-09-07
Raj Singh,Enterprise Solutions,8862216392,rajsingh961@gmail.com,"57 Park Street, Andheri, Hyderabad, Bihar",2022-05-16,2023-04-11
Veer Verma,Smart Technologies,4536792404,veerverma177@gmail.com,"69 Park Street, Bandra, Ahmedabad, Uttar Pradesh",2021-12-31,2022-11-26
Arjun Nadar,Enterprise Partners,5007456334,arjunnadar442@gmail.com,"95 Tilak Road, Koramangala, Chennai, Maharashtra",2022-10-26,2023-09-21
Krishna Kapoor,Limited Partners,6233748225,krishnakapoor469@gmail.com,"49 Sarat Bose Road, Bandra, Delhi, Madhya Pradesh",2024-07-13,2025-06-08
Veer Mishra,Limited Solutions,8396221957,veermishra377@gmail.com,"54 Sarat Bose Road, Andheri, Delhi, Andhra Pradesh",2023-08-07,2024-07-02
Veer Singh,Smart Group,2494319174,veersingh829@gmail.com,"81 Sarat Bose Road, Andheri, Ahmedabad, Tamil Nadu",2023-11-22,2024-10-17
Vikram Kumar,Inc Industries,4007442764,vikramkumar745@gmail.com,"49 Main Road, Koramangala, Delhi, Uttar Pradesh",2024-09-22,2025-08-18
Veer Sharma,Enterprise Corporation,1608767525,veersharma772@gmail.com,"30 Main Road, HSR Layout, Jaipur, Tamil Nadu",2022-01-15,2022-12-11
Raj Mishra,Systems Partners,8999691639,rajmishra196@gmail.com,"84 Main Road, Koramangala, Delhi, Telangana",2022-04-07,2023-03-03
Veer Kumar,Corp Services,4129582465,veerkumar588@gmail.com,"33 MG Road, Bandra, Ahmedabad, Maharashtra",2024-09-08,2025-08-04
Vikram Mishra,Group Limited,3696687775,vikrammishra938@gmail.com,"83 Sarat Bose Road, Indiranagar, Bangalore, Uttar Pradesh",2023-12-27,2024-11-21
Arjun Sharma,Creative Limited,8949585181,arjunsharma413@gmail.com,"43 Sarat Bose Road, HSR Layout, Hyderabad, West Bengal",2024-07-01,2025-05-27
Krishna Nadar,Group Services,6523853363,krishnanadar881@gmail.com,"69 Tilak Road, HSR Layout, Hyderabad, Gujarat",2024-10-11,2025-09-06
Vikram Nadar,Tech Partners,7299466859,vikramnadar501@gmail.com,"4 MG Road, Indiranagar, Chennai, West Bengal",2024-08-15,2025-07-11
Arjun Kapoor,Digital Group,3304353317,arjunkapoor364@gmail.com,"11 Sarat Bose Road, Koramangala, Chennai, Tamil Nadu",2024-03-23,2025-02-16
Raj Nadar,Creative Group,9146820533,rajnadar765@gmail.com,"45 Park Street, Indiranagar, Pune, Telangana",2023-05-08,2024-04-02
Raj Singh,Corp Services,3243442030,rajsingh697@gmail.com,"79 Tilak Road, Indiranagar, Hyderabad, Andhra Pradesh",2024-06-03,2025-04-29
Vikram Singh,Innovative Industries,4992646702,vikramsingh961@gmail.com,"73 Sarat Bose Road, Bandra, Pune, Gujarat",2021-12-20,2022-11-15
Vikram Pichai,International Limited,9225807298,vikrampichai916@gmail.com,"6 MG Road, Andheri, Pune, Maharashtra",2024-02-08,2025-01-03
Krishna Sharma,Creative Enterprise,4169368490,krishnasharma206@gmail.com,"24 Tilak Road, HSR Layout, Mumbai, Uttar Pradesh",2024-02-25,2025-01-20
Aditya Kumar,Future Limited,8875229644,adityakumar349@gmail.com,"55 Tilak Road, Koramangala, Mumbai, Telangana",2024-10-21,2025-09-16
Veer Sharma,Smart Corporation,6486555122,veersharma741@gmail.com,"77 MG Road, Koramangala, Ahmedabad, Madhya Pradesh",2024-12-04,2025-10-30
Aditya Mishra,Global Enterprise,2821815139,adityamishra900@gmail.com,"59 Tilak Road, Koramangala, Delhi, Karnataka",2024-08-25,2025-07-21
Krishna Sharma,Tech Solutions,5524781325,krishnasharma148@gmail.com,"83 Park Street, Koramangala, Surat, Telangana",2022-09-29,2023-08-25
Aditya Kapoor,Digital Limited,7181422652,adityakapoor145@gmail.com,"42 MG Road, Indiranagar, Ahmedabad, Maharashtra",2023-10-17,2024-09-11
Veer Mishra,Creative Partners,9129342310,veermishra747@gmail.com,"31 Tilak Road, Koramangala, Ahmedabad, Maharashtra",2024-03-29,2025-02-22
Krishna Pichai,Innovative Group,7922766732,krishnapichai244@gmail.com,"80 Sarat Bose Road, Andheri, Ahmedabad, Tamil Nadu",2022-05-06,2023-04-01
Arjun Kapoor,Future Services,3429245876,arjunkapoor782@gmail.com,"20 Sarat Bose Road, Indiranagar, Delhi, Uttar Pradesh",2021-12-24,2022-11-19
Raj Mishra,Systems Limited,1592040095,rajmishra698@gmail.com,"96 Main Road, Koramangala, Pune, Andhra Pradesh",2023-12-22,2024-11-16
Vikram Verma,Limited Industries,3688709231,vikramverma338@gmail.com,"36 Park Street, Indiranagar, Pune, West Bengal",2021-12-23,2022-11-18
Vikram Pichai,Smart Partners,6887136121,vikrampichai763@gmail.com,"67 Park Street, Bandra, Mumbai, Maharashtra",2022-08-10,2023-07-06
Arjun Kumar,Future Corporation,6911014717,arjunkumar663@gmail.com,"65 Tilak Road, Bandra, Delhi, Tamil Nadu",2022-07-21,2023-06-16
Raj Sharma,Solutions Group,9688800192,rajsharma705@gmail.com,"36 Main Road, Andheri, Bangalore, Uttar Pradesh",2022-07-16,2023-06-11
Raj Mishra,Future Industries,9219475849,rajmishra471@gmail.com,"12 Tilak Road, Bandra, Surat, Bihar",2022-11-02,2023-09-28
Vikram Singh,Corp Corporation,2855182026,vikramsingh118@gmail.com,"4 Sarat Bose Road, Andheri, Mumbai, Maharashtra",2022-03-01,2023-01-25
Raj Mishra,Smart Solutions,5205743106,rajmishra198@gmail.com,"35 Park Street, HSR Layout, Surat, Telangana",2023-01-26,2023-12-22
Krishna Verma,Systems Corporation,3412905204,krishnaverma256@gmail.com,"80 MG Road, Koramangala, Ahmedabad, Maharashtra",2023-12-10,2024-11-04
Veer Kumar,Future Solutions,3621106109,veerkumar947@gmail.com,"98 Tilak Road, HSR Layout, Ahmedabad, Bihar",2022-08-03,2023-06-29
Veer Singh,Digital Group,7567600834,veersingh912@gmail.com,"95 Sarat Bose Road, Andheri, Ahmedabad, Madhya Pradesh",2022-11-06,2023-10-02
Vikram Nadar,Future Partners,4036513041,vikramnadar290@gmail.com,"71 MG Road, Koramangala, Chennai, Andhra Pradesh",2024-09-23,2025-08-19
Veer Pichai,Creative Consulting,8684973179,veerpichai785@gmail.com,"40 Main Road, Koramangala, Jaipur, Telangana",2023-04-10,2024-03-05
Raj Mishra,Corp Corporation,2957896231,rajmishra887@gmail.com,"75 Park Street, HSR Layout, Pune, Gujarat",2022-03-08,2023-02-01
Arjun Kumar,Limited Group,8674324716,arjunkumar218@gmail.com,"8 MG Road, Bandra, Pune, West Bengal",2024-08-20,2025-07-16
Raj Verma,Innovative Enterprise,4902055386,rajverma547@gmail.com,"7 Tilak Road, Andheri, Jaipur, Tamil Nadu",2022-07-19,2023-06-14
Vikram Pichai,Digital Limited,4805957770,vikrampichai642@gmail.com,"98 Sarat Bose Road, HSR Layout, Surat, Bihar",2023-08-30,2024-07-25
Arjun Kapoor,Tech Corporation,2661715578,arjunkapoor414@gmail.com,"31 Park Street, Koramangala, Pune, West Bengal",2022-03-15,2023-02-08
Aditya Mishra,Global Group,2891731685,adityamishra528@gmail.com,"56 Main Road, Koramangala, Pune, Madhya Pradesh",2022-09-27,2023-08-23
Raj Sharma,Creative Enterprise,4425861386,rajsharma650@gmail.com,"14 Main Road, Bandra, Surat, Maharashtra",2024-10-08,2025-09-03
Aditya Singh,Innovative Industries,9409537412,adityasingh634@gmail.com,"47 Tilak Road, HSR Layout, Ahmedabad, Gujarat",2024-10-20,2025-09-15
Krishna Verma,Digital Partners,1974747059,krishnaverma860@gmail.com,"100 MG Road, Bandra, Jaipur, Karnataka",2022-10-14,2023-09-09
Vikram Kumar,Solutions Services,2966325338,vikramkumar842@gmail.com,"88 Tilak Road, Koramangala, Jaipur, Uttar Pradesh",2022-08-18,2023-07-14
Krishna Verma,Solutions Partners,1006274651,krishnaverma486@gmail.com,"95 Park Street, Andheri, Ahmedabad, Uttar Pradesh",2024-07-18,2025-06-13
Vikram Sharma,Innovative Enterprise,6786597431,vikramsharma905@gmail.com,"57 Main Road, Indiranagar, Hyderabad, Madhya Pradesh",2022-05-18,2023-04-13
Veer Sharma,Enterprise Technologies,2091800624,veersharma283@gmail.com,"60 Main Road, Koramangala, Kolkata, West Bengal",2023-09-22,2024-08-17
Raj Singh,Tech Industries,3943760531,rajsingh460@gmail.com,"62 MG Road, Indiranagar, Kolkata, Andhra Pradesh",2022-01-17,2022-12-13
Aditya Verma,Systems Partners,7394616270,adityaverma747@gmail.com,"68 Main Road, Bandra, Bangalore, Bihar",2022-10-14,2023-09-09
Vikram Kapoor,International Services,7672950450,vikramkapoor218@gmail.com,"63 Main Road, Koramangala, Delhi, Bihar",2024-04-03,2025-02-27
Vikram Sharma,Group Enterprise,1227671210,vikramsharma297@gmail.com,"90 Park Street, Indiranagar, Chennai, Uttar Pradesh",2023-09-08,2024-08-03
Raj Sharma,Tech Solutions,5912833627,rajsharma464@gmail.com,"8 Park Street, HSR Layout, Chennai, Andhra Pradesh",2024-12-05,2025-10-31
Aditya Kumar,Tech Corporation,6478111515,adityakumar932@gmail.com,"39 Tilak Road, Koramangala, Chennai, Maharashtra",2021-12-11,2022-11-06
Raj Sharma,Inc Services,2123226322,rajsharma704@gmail.com,"79 Sarat Bose Road, Koramangala, Ahmedabad, Tamil Nadu",2023-05-07,2024-04-01
Aditya Kapoor,Future Consulting,7922690061,adityakapoor904@gmail.com,"20 Park Street, Andheri, Bangalore, Gujarat",2024-03-22,2025-02-15
Veer Kumar,Tech Partners,6687339959,veerkumar896@gmail.com,"85 Main Road, HSR Layout, Pune, West Bengal",2023-08-01,2024-06-26
Arjun Sharma,Enterprise Consulting,8372505614,arjunsharma677@gmail.com,"65 Tilak Road, Andheri, Delhi, Uttar Pradesh",2023-01-31,2023-12-27
Vikram Verma,Smart Enterprise,2259035831,vikramverma419@gmail.com,"6 Park Street, Bandra, Surat, Bihar",2023-01-14,2023-12-10
Krishna Nadar,Tech Consulting,3802650700,krishnanadar453@gmail.com,"70 Main Road, Andheri, Jaipur, Telangana",2023-10-16,2024-09-10
Aditya Kumar,Tech Limited,1827341654,adityakumar184@gmail.com,"13 Park Street, Bandra, Delhi, Andhra Pradesh",2023-05-30,2024-04-24
Aditya Pichai,Solutions Solutions,6579436097,adityapichai221@gmail.com,"11 Main Road, Indiranagar, Ahmedabad, Andhra Pradesh",2022-05-17,2023-04-12
Raj Pichai,Corp Solutions,3235746152,rajpichai327@gmail.com,"48 Park Street, HSR Layout, Jaipur, Telangana",2023-03-26,2024-02-19
Vikram Mishra,Tech Corporation,9743975869,vikrammishra220@gmail.com,"83 Tilak Road, Andheri, Jaipur, West Bengal",2023-09-17,2024-08-12
Vikram Pichai,Innovative Corporation,5301979544,vikrampichai851@gmail.com,"80 Park Street, Koramangala, Mumbai, Karnataka",2023-10-04,2024-08-29
Aditya Singh,International Services,3628651597,adityasingh521@gmail.com,"25 Sarat Bose Road, Indiranagar, Chennai, Tamil Nadu",2024-06-01,2025-04-27
Raj Nadar,Solutions Group,4612859918,rajnadar337@gmail.com,"94 Tilak Road, HSR Layout, Hyderabad, Madhya Pradesh",2024-07-27,2025-06-22
Raj Sharma,Enterprise Group,4666513721,rajsharma804@gmail.com,"90 MG Road, Andheri, Chennai, Andhra Pradesh",2023-04-29,2024-03-24
Aditya Mishra,Tech Services,5443645593,adityamishra977@gmail.com,"70 Park Street, Indiranagar, Delhi, Uttar Pradesh",2022-05-19,2023-04-14
Krishna Pichai,Innovative Solutions,2788860389,krishnapichai431@gmail.com,"24 Tilak Road, Andheri, Bangalore, Telangana",2024-07-08,2025-06-03
Vikram Kumar,Group Services,3224463572,vikramkumar415@gmail.com,"46 Main Road, Bandra, Mumbai, West Bengal",2021-12-20,2022-11-15
Raj Sharma,Digital Consulting,1167676552,rajsharma937@gmail.com,"67 MG Road, Bandra, Jaipur, Gujarat",2024-10-05,2025-08-31
Veer Pichai,Innovative Consulting,3126835453,veerpichai821@gmail.com,"72 MG Road, Bandra, Delhi, Bihar",2022-11-04,2023-09-30
Krishna Nadar,Global Consulting,4218337933,krishnanadar745@gmail.com,"20 Park Street, Andheri, Delhi, Tamil Nadu",2024-11-26,2025-10-22
Vikram Singh,Group Consulting,9591447725,vikramsingh392@gmail.com,"89 Tilak Road, Andheri, Mumbai, Uttar Pradesh",2024-05-26,2025-04-21
Raj Kapoor,Limited Enterprise,6813557275,rajkapoor695@gmail.com,"84 MG Road, Koramangala, Hyderabad, Gujarat",2024-05-02,2025-03-28
Vikram Kumar,Digital Corporation,5305897354,vikramkumar455@gmail.com,"52 Main Road, Andheri, Jaipur, Gujarat",2024-08-24,2025-07-20
Raj Verma,Smart Group,1691722741,rajverma475@gmail.com,"50 Sarat Bose Road, Indiranagar, Bangalore, Karnataka",2024-06-15,2025-05-11
Vikram Kumar,Corp Partners,6371857733,vikramkumar247@gmail.com,"57 MG Road, Koramangala, Pune, Madhya Pradesh",2024-07-27,2025-06-22
Krishna Kumar,Smart Services,4648320077,krishnakumar946@gmail.com,"6 Main Road, Indiranagar, Chennai, West Bengal",2024-04-24,2025-03-20
Vikram Sharma,Digital Enterprise,8542283807,vikramsharma291@gmail.com,"78 Park Street, HSR Layout, Surat, Karnataka",2022-03-05,2023-01-29
Arjun Nadar,Smart Limited,1885646546,arjunnadar303@gmail.com,"77 Sarat Bose Road, Indiranagar, Chennai, Madhya Pradesh",2023-05-14,2024-04-08
Aditya Kapoor,Systems Partners,4636314506,adityakapoor162@gmail.com,"39 Sarat Bose Road, Andheri, Hyderabad, Gujarat",2022-06-04,2023-04-30
Veer Sharma,Smart Services,2092046148,veersharma972@gmail.com,"59 Sarat Bose Road, Koramangala, Delhi, Gujarat",2022-04-02,2023-02-26
Vikram Sharma,International Industries,8883013745,vikramsharma748@gmail.com,"52 Sarat Bose Road, Indiranagar, Pune, Madhya Pradesh",2024-10-20,2025-09-15
Aditya Verma,Corp Technologies,9853325431,adityaverma220@gmail.com,"70 Main Road, Bandra, Delhi, Bihar",2024-11-24,2025-10-20
Aditya Sharma,Smart Enterprise,5154189455,adityasharma480@gmail.com,"60 Tilak Road, Bandra, Hyderabad, Bihar",2023-04-14,2024-03-09
Vikram Mishra,Solutions Group,8042129106,vikrammishra647@gmail.com,"31 Sarat Bose Road, HSR Layout, Hyderabad, Tamil Nadu",2023-01-03,2023-11-29
Krishna Pichai,Solutions Partners,8747856524,krishnapichai600@gmail.com,"43 Main Road, Koramangala, Surat, Telangana",2022-06-14,2023-05-10
Raj Sharma,Smart Consulting,9911998268,rajsharma717@gmail.com,"52 Tilak Road, Andheri, Mumbai, West Bengal",2022-01-23,2022-12-19
Arjun Verma,Smart Group,6867529901,arjunverma825@gmail.com,"5 Sarat Bose Road, Indiranagar, Pune, Gujarat",2024-09-30,2025-08-26
Krishna Nadar,Digital Partners,3427930275,krishnanadar161@gmail.com,"49 Sarat Bose Road, Bandra, Hyderabad, Tamil Nadu",2022-11-20,2023-10-16
Raj Pichai,Systems Partners,9427640445,rajpichai445@gmail.com,"98 Sarat Bose Road, Bandra, Bangalore, Bihar",2024-03-02,2025-01-26
Raj Kapoor,Tech Group,3176590684,rajkapoor978@gmail.com,"10 MG Road, Koramangala, Hyderabad, Maharashtra",2023-11-29,2024-10-24
Aditya Nadar,Creative Corporation,7523430234,adityanadar249@gmail.com,"15 MG Road, Bandra, Jaipur, Madhya Pradesh",2024-01-30,2024-12-25
Raj Kumar,Smart Group,2679199786,rajkumar347@gmail.com,"25 Main Road, Andheri, Hyderabad, Andhra Pradesh",2022-04-23,2023-03-19
Raj Kumar,Tech Industries,5625885169,rajkumar247@gmail.com,"15 MG Road, Andheri, Pune, Bihar",2023-06-11,2024-05-06
